GEO_accession	organism	cancer_or_model	platform	treatment	compartment	manuscript_role	comparator	n_numerator	n_denominator	paired_or_unpaired	evidence_tier	preprocessing	DE_method	major_caveat
GSE76068	Homo sapiens	clear-cell renal cell carcinoma PDX	GPL10558	sunitinib	tumor	discovery core	response state	4	4	paired by BR1-BR4	Tier A	deposited normal-gamma background-corrected, offset-log2, quantile-normalized matrix; technical arrays averaged on log2 scale	limma fixed BR and state effects	tumor and stroma are nested in one experiment
GSE76068	Mus musculus host	clear-cell renal cell carcinoma PDX	GPL6885	sunitinib	stroma	discovery core	response state	4	4	paired by BR1-BR4	Tier A	deposited normal-gamma background-corrected, offset-log2, quantile-normalized matrix; passing technical arrays averaged; GSM1973644 and GSM1973648 excluded	limma fixed BR and state effects	tumor and stroma are nested in one experiment
GSE73571	Homo sapiens tumor	hepatocellular carcinoma xenograft	GPL6244	sorafenib	tumor	discovery core	sorafenib-sensitive	4	3	unpaired	Tier A	deposited RMA-normalized Series Matrix	limma robust trend empirical Bayes	small xenograft groups; non-core treatment/model samples excluded
GSE180687	Mus musculus	ovarian-cancer xenograft-derived endothelial cells	GPL1261	B20 anti-VEGF-A antibody	endothelial	discovery core	B20-sensitive	4	4	unpaired	Tier A with caution	all 13 CEL files jointly processed by affy::rma; 5 controls retained for normalization/QC	limma robust trend empirical Bayes	one sensitive sample, GSM5468046, influences magnitudes
GSE64472	Mus musculus host	non-small-cell lung cancer xenograft	GPL6887	cediranib	stroma	discovery core	cediranib-sensitive	3	3	unpaired	Tier A	deposited processed Series Matrix from original Illumina workflow	limma robust trend empirical Bayes	human arrays excluded after scanner-level/background-only failure; nested with vandetanib contrast
GSE64472	Mus musculus host	non-small-cell lung cancer xenograft	GPL6887	vandetanib	stroma	discovery core	vandetanib-sensitive	2	3	unpaired	Tier A with caution	deposited processed Series Matrix from original Illumina workflow	limma robust trend empirical Bayes	resistant n=2; nested with cediranib contrast
GSE26644	Homo sapiens tumor	non-small-cell lung cancer xenograft	GPL6884	bevacizumab	tumor	discovery core	PBS vehicle	3	3	unpaired	Tier B	deposited log2, median-array-normalized Series Matrix	limma robust trend empirical Bayes	exposure, elapsed-time, and tumor-size confounding; nested with stroma
GSE26644	Mus musculus host	non-small-cell lung cancer xenograft	GPL6887	bevacizumab	stroma	discovery core	PBS vehicle	3	3	unpaired	Tier B	deposited log2, median-array-normalized Series Matrix	limma robust trend empirical Bayes	exposure, elapsed-time, and tumor-size confounding; nested with tumor
GSE81465	Homo sapiens	U87-derived glioblastoma serial xenograft	GPL10558	bevacizumab	tumor	supportive serial-state evidence	early responsive G1	3	3	unpaired; replicate independence ambiguous	Supportive-only	raw IDAT processed by limma::neqc; highest-IQR feature per gene	limma robust trend empirical Bayes	replicate independence unresolved; P/FDR not used as biological-replication evidence
GSE64052	Homo sapiens	786-O renal cell carcinoma xenograft	GPL570	sorafenib	tumor	final external validation	untreated baseline	5	5	unpaired	Tier B	deposited MAS5 signal; log2(value+1); within-study quantile normalization; highest-IQR feature per gene	limma robust empirical Bayes (trend=TRUE); full Hallmark and Reactome collections	nested within GSE64052; exposure/time/tumor-size confounding; nested model-drug context; exposure, time, and tumor-size confounding
GSE64052	Homo sapiens	786-O renal cell carcinoma xenograft	GPL570	sunitinib	tumor	final external validation	untreated baseline	4	5	unpaired	Tier B	deposited MAS5 signal; log2(value+1); within-study quantile normalization; highest-IQR feature per gene	limma robust empirical Bayes (trend=TRUE); full Hallmark and Reactome collections	nested within GSE64052; exposure/time/tumor-size confounding; nested model-drug context; exposure, time, and tumor-size confounding
GSE64052	Homo sapiens	A498 renal cell carcinoma xenograft	GPL570	sorafenib	tumor	final external validation	untreated baseline	5	4	unpaired	Tier B	deposited MAS5 signal; log2(value+1); within-study quantile normalization; highest-IQR feature per gene	limma robust empirical Bayes (trend=TRUE); full Hallmark and Reactome collections	nested within GSE64052; exposure/time/tumor-size confounding; nested model-drug context; exposure, time, and tumor-size confounding
GSE86525	Homo sapiens	HT-29 colorectal-cancer xenograft	GPL16699	bevacizumab	tumor	final external validation	untreated control	3	3	unpaired	Tier B	deposited background-corrected signal; log2(value+1); within-study quantile normalization; highest-IQR feature per gene	limma robust empirical Bayes (trend=TRUE); full Hallmark and Reactome collections	small cohort; resistant endpoints reached at 3-5 weeks; small cohort; endpoint times vary
GSE45161	Homo sapiens	NSC11 and U87 glioblastoma orthotopic derivatives	GPL9324	bevacizumab-derived states	tumor	supportive direction only	parental control or parental bevacizumab	1 per resistant state	1-2 per comparator	unpaired	Supportive-only	deposited log2, median-normalized custom Entrez-CDF matrix; highest-IQR feature per gene	log-fold-change ranking only	no inferential replication; severe U87 Avastin outlier
GSE79671	Homo sapiens	recurrent glioblastoma FFPE tumors	Illumina RNA-seq	bevacizumab plus irinotecan; some also cetuximab	bulk tumor with microenvironment	primary human longitudinal	responder pretreatment	6 patients	6 patients	paired	Tier 3 Level 1	official counts; Ensembl-to-symbol mapping; summed symbols; CPM>=1 in >=5 samples; TMM; voom	limma-voom patient fixed effects	progression after initial response; combination therapy; small responder n
GSE79671	Homo sapiens	recurrent glioblastoma FFPE tumors	Illumina RNA-seq	bevacizumab plus irinotecan; some also cetuximab	bulk tumor with microenvironment	human longitudinal secondary	non-responder pretreatment	10 patients	10 patients	paired	Tier 3 Level 2	same frozen count preprocessing and filter	limma-voom patient fixed effects	patients without objective response; not acquired-resistance validation
GSE79671	Homo sapiens	recurrent glioblastoma FFPE tumors	Illumina RNA-seq	bevacizumab plus irinotecan; some also cetuximab	bulk tumor with microenvironment	response-history interaction	non-responder post-minus-pre change	6 responder deltas	10 non-responder deltas	paired within patient; unpaired between groups	Tier 3 Level 2	same frozen count preprocessing and filter	limma-voom patient fixed effects with group-specific post slopes	response history, regimen, and context remain entangled
GSE79671	Homo sapiens	recurrent glioblastoma FFPE tumors	Illumina RNA-seq	bevacizumab plus irinotecan; some also cetuximab	bulk tumor with microenvironment	exploratory baseline association	non-responder pretreatment	7	13	unpaired	Tier 3 exploratory	same frozen count preprocessing and filter	limma-voom with explicit batch covariate	baseline association only
GSE37138	Homo sapiens	advanced non-squamous NSCLC baseline biopsies	GPL5188 / Human Exon 1.0 ST	bevacizumab plus erlotinib	bulk tumor with microenvironment	supporting baseline clinical association	continuous Week-12 tumor shrinkage	28 with endpoint	NA	unpaired association	Tier 3 Level 3	deposited RMA matrix; unique symbol mapping; mean exon-probeset collapse; centered percentile-rank score	Spearman plus 2,000-resample bootstrap CI	single arm; baseline only; 14 patients lack shrinkage endpoint
GSE37138	Homo sapiens	advanced non-squamous NSCLC baseline biopsies	GPL5188 / Human Exon 1.0 ST	bevacizumab plus erlotinib	bulk tumor with microenvironment	secondary baseline clinical association	Week-12 disease-control failure	22 disease-control success	20 failure	unpaired	Tier 3 Level 3 secondary	same baseline expression and pathway scores	Wilcoxon rank-sum	single arm; baseline only; objective response unavailable
GSE249415	Homo sapiens	SKOV3ip1 ovarian-cancer xenograft	Illumina HumanHT-12 v4	B20 anti-VEGF-A antibody	bulk tumor	final external validation	IgG control	3	3	unpaired	Tier B	deposited sample-level signal; log2(value+1); within-study quantile normalization; highest-IQR probe per symbol	limma robust empirical Bayes (trend=FALSE); Hallmark-wide FDR; six frozen programs retained	B20-treated endpoint versus IgG; identified after program freeze; no pathway reselection; treatment, elapsed time, and tumor-state effects may contribute
GSE121153	Homo sapiens	Huh7 HCC xenografts	GPL570	sorafenib	bulk xenograft	final external validation	parental xenograft	5	3	unpaired	Tier A with caution	deposited matrix; log2(value+1); quantile normalization; highest-IQR probe/symbol	limma robust empirical Bayes (trend=FALSE); Hallmark-wide FDR; six frozen programs retained	two singleton cell-line arrays excluded; no linked source publication; exact exposure matching of parental xenografts requires caution
GSE59476	Homo sapiens	Y-MESO-14 mesothelioma xenograft	GPL13497	bevacizumab	bulk xenograft	supportive additional sensitivity	day-28 vehicle	2	2	unpaired	supportive; not primary	deposited matrix; quantile normalization; highest-IQR probe/symbol	limma robust empirical Bayes (trend=FALSE); Hallmark-wide FDR; six frozen programs retained	small groups and vehicle comparator
GSE84048	Mus musculus	4T1 breast tumor	GPL10787	sunitinib	bulk tumor	final external validation	sunitinib-sensitive bulk	4	4	unpaired	Tier A	deposited matrix; log2(value+1); quantile normalization; highest-IQR probe/symbol	limma robust empirical Bayes (trend=FALSE); mouse-symbol Hallmarks projected through msigdbr; Hallmark-wide FDR; six frozen programs retained	nested with endothelial fraction
GSE84048	Mus musculus	4T1 breast tumor	GPL10787	sunitinib	tumor-associated endothelium	final external validation	sunitinib-sensitive endothelium	4	4	unpaired	Tier A	same series preprocessing; compartment modeled separately	limma robust empirical Bayes (trend=FALSE); mouse-symbol Hallmarks projected through msigdbr; Hallmark-wide FDR; six frozen programs retained	nested with bulk fraction; nested with bulk tumor fraction
GSE66346	Homo sapiens	KURC1 RCC PDX	GPL6244	sunitinib	bulk xenograft	supportive additional sensitivity	KURC1 vehicle	2	2	unpaired	supportive; not primary	deposited matrix; quantile normalization; highest-IQR probe/symbol	limma robust empirical Bayes (trend=FALSE); Hallmark-wide FDR; six frozen programs retained	small groups and vehicle comparator; other PDX models not pooled
GSE207976	Mus musculus	HCT116 CRCLM xenograft-derived LSECs	GPL11002	bevacizumab	endothelium	final external validation	sensitive LSECs	3	3	unpaired	Tier A with caution	gene counts; TMM/voom	limma-voom robust empirical Bayes (trend=FALSE); mouse-symbol Hallmarks projected through msigdbr; Hallmark-wide FDR; six frozen programs retained	GEO overall_design is internally inconsistent; grouping follows Series title, sample-level metadata, deposited file annotations, and source publication, which support resistant-versus-sensitive LSECs; GEO overall-design field is inconsistent; grouping independently supported by title, samples, deposited files, and publication
GSE221557	Homo sapiens	HCT116 CRCLM xenografts	GPL24676	bevacizumab	bulk tumor	additional sensitivity	sensitive xenografts	3	3	unpaired	additional	transcript FPKM summed to gene; log2+quantile	limma robust empirical Bayes (trend=FALSE); Hallmark-wide FDR; six frozen programs retained	non-coding assay label/FPKM reconstruction
GSE132568	Mus musculus	4T1 metastatic breast cancer	GPL19057	axitinib	tumor cells	additional sensitivity	parental	3	3	unpaired	additional with limitation	RSEM counts; TMM/voom	limma-voom robust empirical Bayes (trend=FALSE); mouse-symbol Hallmarks projected through msigdbr; Hallmark-wide FDR; six frozen programs retained	in-vivo origin followed by ex-vivo maintenance
GSE328515	Mus musculus	H22 syngeneic HCC	RNA-seq	lenvatinib	bulk tumor	final external validation	H22-NR	3	3	unpaired	Tier A with caution	gene counts; TMM/voom	limma-voom robust empirical Bayes (trend=FALSE); mouse-symbol Hallmarks projected through msigdbr; Hallmark-wide FDR; six frozen programs retained	no linked publication identifiable; no linked source publication identifiable
GSE78698	Mus musculus	Py2T breast tumor	GPL6246	nintedanib	sorted tumor cells	final external validation	short-term exposure	5	4	unpaired	Tier A with caution	deposited matrix; quantile normalized	limma robust empirical Bayes (trend=FALSE); mouse-symbol Hallmarks projected through msigdbr; Hallmark-wide FDR; six frozen programs retained	long-vs-short adaptation; long-versus-short exposure captures adaptation and elapsed time; nested with endothelial fraction
GSE78698	Mus musculus	Py2T breast tumor	GPL6246	nintedanib	sorted endothelial cells	final external validation	short-term exposure	5	3	unpaired	Tier A with caution	deposited matrix; quantile normalized	limma robust empirical Bayes (trend=FALSE); mouse-symbol Hallmarks projected through msigdbr; Hallmark-wide FDR; six frozen programs retained	long-vs-short adaptation; long-versus-short exposure captures adaptation and elapsed time; nested with tumor fraction
GSE80778	Mus musculus	mammary tumor	GPL10787	B20	bulk tumor	supportive-only additional	vehicle endpoint	4	3	unpaired	supportive	deposited matrix; quantile normalized	limma robust empirical Bayes (trend=FALSE); mouse-symbol Hallmarks projected through msigdbr; Hallmark-wide FDR; six frozen programs retained	treatment/escape conflation
GSE80778	Mus musculus	mammary tumor	GPL10787	nintedanib	bulk tumor	supportive-only additional	vehicle endpoint	4	3	unpaired	supportive	deposited matrix; quantile normalized	limma robust empirical Bayes (trend=FALSE); mouse-symbol Hallmarks projected through msigdbr; Hallmark-wide FDR; six frozen programs retained	treatment/escape conflation
