dataset	GSM	sample_title	source_name	organism	platform	cancer_type	drug	drug_class	model	compartment	treatment_state	resistance_state	biological_group	biological_replicate	technical_replicate	proposed_contrast	evidence_tier	include_exclude	exclusion_reason	notes
GSE76068	GSM1973613	pre1a: human expression	tumor pre-treatment BR 1 TR a	Homo sapiens	GPL10558	renal cell carcinoma	sunitinib	multikinase VEGFR-targeting TKI	renal cell carcinoma patient-derived xenograft	tumor	pretreatment	baseline	tumor_pre-treatment	BR1	a	GSE76068_tumor_Response_vs_Pretreatment;GSE76068_tumor_Escape_vs_Response;GSE76068_tumor_Escape_vs_Pretreatment	Tier A;Temporal/supportive	CORE_INCLUDE	NA	GEO labels BR/mouse 1-4 across all three time states; preserve BR as a proposed blocking factor. Technical replicates are array-level until QC.
GSE76068	GSM1973614	pre1b: human expression	tumor pre-treatment BR 1 TR b	Homo sapiens	GPL10558	renal cell carcinoma	sunitinib	multikinase VEGFR-targeting TKI	renal cell carcinoma patient-derived xenograft	tumor	pretreatment	baseline	tumor_pre-treatment	BR1	b	GSE76068_tumor_Response_vs_Pretreatment;GSE76068_tumor_Escape_vs_Response;GSE76068_tumor_Escape_vs_Pretreatment	Tier A;Temporal/supportive	CORE_INCLUDE	NA	GEO labels BR/mouse 1-4 across all three time states; preserve BR as a proposed blocking factor. Technical replicates are array-level until QC.
GSE76068	GSM1973615	pre2a: human expression	tumor pre-treatment BR 2 TR a	Homo sapiens	GPL10558	renal cell carcinoma	sunitinib	multikinase VEGFR-targeting TKI	renal cell carcinoma patient-derived xenograft	tumor	pretreatment	baseline	tumor_pre-treatment	BR2	a	GSE76068_tumor_Response_vs_Pretreatment;GSE76068_tumor_Escape_vs_Response;GSE76068_tumor_Escape_vs_Pretreatment	Tier A;Temporal/supportive	CORE_INCLUDE	NA	GEO labels BR/mouse 1-4 across all three time states; preserve BR as a proposed blocking factor. Technical replicates are array-level until QC.
GSE76068	GSM1973616	pre2b: human expression	tumor pre-treatment BR 2 TR b	Homo sapiens	GPL10558	renal cell carcinoma	sunitinib	multikinase VEGFR-targeting TKI	renal cell carcinoma patient-derived xenograft	tumor	pretreatment	baseline	tumor_pre-treatment	BR2	b	GSE76068_tumor_Response_vs_Pretreatment;GSE76068_tumor_Escape_vs_Response;GSE76068_tumor_Escape_vs_Pretreatment	Tier A;Temporal/supportive	CORE_INCLUDE	NA	GEO labels BR/mouse 1-4 across all three time states; preserve BR as a proposed blocking factor. Technical replicates are array-level until QC.
GSE76068	GSM1973617	pre3a: human expression	tumor pre-treatment BR 3 TR a	Homo sapiens	GPL10558	renal cell carcinoma	sunitinib	multikinase VEGFR-targeting TKI	renal cell carcinoma patient-derived xenograft	tumor	pretreatment	baseline	tumor_pre-treatment	BR3	a	GSE76068_tumor_Response_vs_Pretreatment;GSE76068_tumor_Escape_vs_Response;GSE76068_tumor_Escape_vs_Pretreatment	Tier A;Temporal/supportive	CORE_INCLUDE	NA	GEO labels BR/mouse 1-4 across all three time states; preserve BR as a proposed blocking factor. Technical replicates are array-level until QC.
GSE76068	GSM1973618	pre3b: human expression	tumor pre-treatment BR 3 TR b	Homo sapiens	GPL10558	renal cell carcinoma	sunitinib	multikinase VEGFR-targeting TKI	renal cell carcinoma patient-derived xenograft	tumor	pretreatment	baseline	tumor_pre-treatment	BR3	b	GSE76068_tumor_Response_vs_Pretreatment;GSE76068_tumor_Escape_vs_Response;GSE76068_tumor_Escape_vs_Pretreatment	Tier A;Temporal/supportive	CORE_INCLUDE	NA	GEO labels BR/mouse 1-4 across all three time states; preserve BR as a proposed blocking factor. Technical replicates are array-level until QC.
GSE76068	GSM1973619	pre4a: human expression	tumor pre-treatment BR 4 TR a	Homo sapiens	GPL10558	renal cell carcinoma	sunitinib	multikinase VEGFR-targeting TKI	renal cell carcinoma patient-derived xenograft	tumor	pretreatment	baseline	tumor_pre-treatment	BR4	a	GSE76068_tumor_Response_vs_Pretreatment;GSE76068_tumor_Escape_vs_Response;GSE76068_tumor_Escape_vs_Pretreatment	Tier A;Temporal/supportive	CORE_INCLUDE	NA	GEO labels BR/mouse 1-4 across all three time states; preserve BR as a proposed blocking factor. Technical replicates are array-level until QC.
GSE76068	GSM1973620	pre4b: human expression	tumor pre-treatment BR 4 TR b	Homo sapiens	GPL10558	renal cell carcinoma	sunitinib	multikinase VEGFR-targeting TKI	renal cell carcinoma patient-derived xenograft	tumor	pretreatment	baseline	tumor_pre-treatment	BR4	b	GSE76068_tumor_Response_vs_Pretreatment;GSE76068_tumor_Escape_vs_Response;GSE76068_tumor_Escape_vs_Pretreatment	Tier A;Temporal/supportive	CORE_INCLUDE	NA	GEO labels BR/mouse 1-4 across all three time states; preserve BR as a proposed blocking factor. Technical replicates are array-level until QC.
GSE76068	GSM1973621	t1-1a: human expression	tumor response BR 1 TR a	Homo sapiens	GPL10558	renal cell carcinoma	sunitinib	multikinase VEGFR-targeting TKI	renal cell carcinoma patient-derived xenograft	tumor	on-treatment response	sensitive/responding	tumor_response	BR1	a	GSE76068_tumor_Response_vs_Pretreatment;GSE76068_tumor_Escape_vs_Response;GSE76068_tumor_Escape_vs_Pretreatment	Tier A;Temporal/supportive	CORE_INCLUDE	NA	GEO labels BR/mouse 1-4 across all three time states; preserve BR as a proposed blocking factor. Technical replicates are array-level until QC.
GSE76068	GSM1973622	t1-1b: human expression	tumor response BR 1 TR b	Homo sapiens	GPL10558	renal cell carcinoma	sunitinib	multikinase VEGFR-targeting TKI	renal cell carcinoma patient-derived xenograft	tumor	on-treatment response	sensitive/responding	tumor_response	BR1	b	GSE76068_tumor_Response_vs_Pretreatment;GSE76068_tumor_Escape_vs_Response;GSE76068_tumor_Escape_vs_Pretreatment	Tier A;Temporal/supportive	CORE_INCLUDE	NA	GEO labels BR/mouse 1-4 across all three time states; preserve BR as a proposed blocking factor. Technical replicates are array-level until QC.
GSE76068	GSM1973623	t1-2a: human expression	tumor response BR 2 TR a	Homo sapiens	GPL10558	renal cell carcinoma	sunitinib	multikinase VEGFR-targeting TKI	renal cell carcinoma patient-derived xenograft	tumor	on-treatment response	sensitive/responding	tumor_response	BR2	a	GSE76068_tumor_Response_vs_Pretreatment;GSE76068_tumor_Escape_vs_Response;GSE76068_tumor_Escape_vs_Pretreatment	Tier A;Temporal/supportive	CORE_INCLUDE	NA	GEO labels BR/mouse 1-4 across all three time states; preserve BR as a proposed blocking factor. Technical replicates are array-level until QC.
GSE76068	GSM1973624	t1-2b: human expression	tumor response BR 2 TR b	Homo sapiens	GPL10558	renal cell carcinoma	sunitinib	multikinase VEGFR-targeting TKI	renal cell carcinoma patient-derived xenograft	tumor	on-treatment response	sensitive/responding	tumor_response	BR2	b	GSE76068_tumor_Response_vs_Pretreatment;GSE76068_tumor_Escape_vs_Response;GSE76068_tumor_Escape_vs_Pretreatment	Tier A;Temporal/supportive	CORE_INCLUDE	NA	GEO labels BR/mouse 1-4 across all three time states; preserve BR as a proposed blocking factor. Technical replicates are array-level until QC.
GSE76068	GSM1973625	t1-3a: human expression	tumor response BR 3 TR a	Homo sapiens	GPL10558	renal cell carcinoma	sunitinib	multikinase VEGFR-targeting TKI	renal cell carcinoma patient-derived xenograft	tumor	on-treatment response	sensitive/responding	tumor_response	BR3	a	GSE76068_tumor_Response_vs_Pretreatment;GSE76068_tumor_Escape_vs_Response;GSE76068_tumor_Escape_vs_Pretreatment	Tier A;Temporal/supportive	CORE_INCLUDE	NA	GEO labels BR/mouse 1-4 across all three time states; preserve BR as a proposed blocking factor. Technical replicates are array-level until QC.
GSE76068	GSM1973626	t1-3b: human expression	tumor response BR 3 TR b	Homo sapiens	GPL10558	renal cell carcinoma	sunitinib	multikinase VEGFR-targeting TKI	renal cell carcinoma patient-derived xenograft	tumor	on-treatment response	sensitive/responding	tumor_response	BR3	b	GSE76068_tumor_Response_vs_Pretreatment;GSE76068_tumor_Escape_vs_Response;GSE76068_tumor_Escape_vs_Pretreatment	Tier A;Temporal/supportive	CORE_INCLUDE	NA	GEO labels BR/mouse 1-4 across all three time states; preserve BR as a proposed blocking factor. Technical replicates are array-level until QC.
GSE76068	GSM1973627	t1-4a: human expression	tumor response BR 4 TR a	Homo sapiens	GPL10558	renal cell carcinoma	sunitinib	multikinase VEGFR-targeting TKI	renal cell carcinoma patient-derived xenograft	tumor	on-treatment response	sensitive/responding	tumor_response	BR4	a	GSE76068_tumor_Response_vs_Pretreatment;GSE76068_tumor_Escape_vs_Response;GSE76068_tumor_Escape_vs_Pretreatment	Tier A;Temporal/supportive	CORE_INCLUDE	NA	GEO labels BR/mouse 1-4 across all three time states; preserve BR as a proposed blocking factor. Technical replicates are array-level until QC.
GSE76068	GSM1973628	t1-4b: human expression	tumor response BR 4 TR b	Homo sapiens	GPL10558	renal cell carcinoma	sunitinib	multikinase VEGFR-targeting TKI	renal cell carcinoma patient-derived xenograft	tumor	on-treatment response	sensitive/responding	tumor_response	BR4	b	GSE76068_tumor_Response_vs_Pretreatment;GSE76068_tumor_Escape_vs_Response;GSE76068_tumor_Escape_vs_Pretreatment	Tier A;Temporal/supportive	CORE_INCLUDE	NA	GEO labels BR/mouse 1-4 across all three time states; preserve BR as a proposed blocking factor. Technical replicates are array-level until QC.
GSE76068	GSM1973629	t2-1a: human expression	tumor escape BR 1 TR a	Homo sapiens	GPL10558	renal cell carcinoma	sunitinib	multikinase VEGFR-targeting TKI	renal cell carcinoma patient-derived xenograft	tumor	on-treatment escape	acquired resistance/escape	tumor_escape	BR1	a	GSE76068_tumor_Response_vs_Pretreatment;GSE76068_tumor_Escape_vs_Response;GSE76068_tumor_Escape_vs_Pretreatment	Tier A;Temporal/supportive	CORE_INCLUDE	NA	GEO labels BR/mouse 1-4 across all three time states; preserve BR as a proposed blocking factor. Technical replicates are array-level until QC.
GSE76068	GSM1973630	t2-1b: human expression	tumor escape BR 1 TR b	Homo sapiens	GPL10558	renal cell carcinoma	sunitinib	multikinase VEGFR-targeting TKI	renal cell carcinoma patient-derived xenograft	tumor	on-treatment escape	acquired resistance/escape	tumor_escape	BR1	b	GSE76068_tumor_Response_vs_Pretreatment;GSE76068_tumor_Escape_vs_Response;GSE76068_tumor_Escape_vs_Pretreatment	Tier A;Temporal/supportive	CORE_INCLUDE	NA	GEO labels BR/mouse 1-4 across all three time states; preserve BR as a proposed blocking factor. Technical replicates are array-level until QC.
GSE76068	GSM1973631	t2-2a: human expression	tumor escape BR 2 TR a	Homo sapiens	GPL10558	renal cell carcinoma	sunitinib	multikinase VEGFR-targeting TKI	renal cell carcinoma patient-derived xenograft	tumor	on-treatment escape	acquired resistance/escape	tumor_escape	BR2	a	GSE76068_tumor_Response_vs_Pretreatment;GSE76068_tumor_Escape_vs_Response;GSE76068_tumor_Escape_vs_Pretreatment	Tier A;Temporal/supportive	CORE_INCLUDE	NA	GEO labels BR/mouse 1-4 across all three time states; preserve BR as a proposed blocking factor. Technical replicates are array-level until QC.
GSE76068	GSM1973632	t2-2b: human expression	tumor escape BR 2 TR b	Homo sapiens	GPL10558	renal cell carcinoma	sunitinib	multikinase VEGFR-targeting TKI	renal cell carcinoma patient-derived xenograft	tumor	on-treatment escape	acquired resistance/escape	tumor_escape	BR2	b	GSE76068_tumor_Response_vs_Pretreatment;GSE76068_tumor_Escape_vs_Response;GSE76068_tumor_Escape_vs_Pretreatment	Tier A;Temporal/supportive	CORE_INCLUDE	NA	GEO labels BR/mouse 1-4 across all three time states; preserve BR as a proposed blocking factor. Technical replicates are array-level until QC.
GSE76068	GSM1973633	t2-3a: human expression	tumor escape BR 3 TR a	Homo sapiens	GPL10558	renal cell carcinoma	sunitinib	multikinase VEGFR-targeting TKI	renal cell carcinoma patient-derived xenograft	tumor	on-treatment escape	acquired resistance/escape	tumor_escape	BR3	a	GSE76068_tumor_Response_vs_Pretreatment;GSE76068_tumor_Escape_vs_Response;GSE76068_tumor_Escape_vs_Pretreatment	Tier A;Temporal/supportive	CORE_INCLUDE	NA	GEO labels BR/mouse 1-4 across all three time states; preserve BR as a proposed blocking factor. Technical replicates are array-level until QC.
GSE76068	GSM1973634	t2-3b: human expression	tumor escape BR 3 TR b	Homo sapiens	GPL10558	renal cell carcinoma	sunitinib	multikinase VEGFR-targeting TKI	renal cell carcinoma patient-derived xenograft	tumor	on-treatment escape	acquired resistance/escape	tumor_escape	BR3	b	GSE76068_tumor_Response_vs_Pretreatment;GSE76068_tumor_Escape_vs_Response;GSE76068_tumor_Escape_vs_Pretreatment	Tier A;Temporal/supportive	CORE_INCLUDE	NA	GEO labels BR/mouse 1-4 across all three time states; preserve BR as a proposed blocking factor. Technical replicates are array-level until QC.
GSE76068	GSM1973635	t2-4a: human expression	tumor escape BR 4 TR a	Homo sapiens	GPL10558	renal cell carcinoma	sunitinib	multikinase VEGFR-targeting TKI	renal cell carcinoma patient-derived xenograft	tumor	on-treatment escape	acquired resistance/escape	tumor_escape	BR4	a	GSE76068_tumor_Response_vs_Pretreatment;GSE76068_tumor_Escape_vs_Response;GSE76068_tumor_Escape_vs_Pretreatment	Tier A;Temporal/supportive	CORE_INCLUDE	NA	GEO labels BR/mouse 1-4 across all three time states; preserve BR as a proposed blocking factor. Technical replicates are array-level until QC.
GSE76068	GSM1973636	t2-4b: human expression	tumor escape BR 4 TR b	Homo sapiens	GPL10558	renal cell carcinoma	sunitinib	multikinase VEGFR-targeting TKI	renal cell carcinoma patient-derived xenograft	tumor	on-treatment escape	acquired resistance/escape	tumor_escape	BR4	b	GSE76068_tumor_Response_vs_Pretreatment;GSE76068_tumor_Escape_vs_Response;GSE76068_tumor_Escape_vs_Pretreatment	Tier A;Temporal/supportive	CORE_INCLUDE	NA	GEO labels BR/mouse 1-4 across all three time states; preserve BR as a proposed blocking factor. Technical replicates are array-level until QC.
GSE76068	GSM1973637	pre1: mouse expression	tumor pre-treatment BR 1 TR a	Mus musculus	GPL6885	renal cell carcinoma	sunitinib	multikinase VEGFR-targeting TKI	renal cell carcinoma patient-derived xenograft	stroma	pretreatment	baseline	stroma_pre-treatment	BR1	a	GSE76068_stroma_Response_vs_Pretreatment;GSE76068_stroma_Escape_vs_Response;GSE76068_stroma_Escape_vs_Pretreatment	Tier A;Temporal/supportive	CORE_INCLUDE	NA	GEO labels BR/mouse 1-4 across all three time states; preserve BR as a proposed blocking factor. Technical replicates are array-level until QC.
GSE76068	GSM1973638	pre2: mouse expression	tumor pre-treatment BR 2 TR a	Mus musculus	GPL6885	renal cell carcinoma	sunitinib	multikinase VEGFR-targeting TKI	renal cell carcinoma patient-derived xenograft	stroma	pretreatment	baseline	stroma_pre-treatment	BR2	a	GSE76068_stroma_Response_vs_Pretreatment;GSE76068_stroma_Escape_vs_Response;GSE76068_stroma_Escape_vs_Pretreatment	Tier A;Temporal/supportive	CORE_INCLUDE	NA	GEO labels BR/mouse 1-4 across all three time states; preserve BR as a proposed blocking factor. Technical replicates are array-level until QC.
GSE76068	GSM1973639	pre3: mouse expression	tumor pre-treatment BR 3 TR a	Mus musculus	GPL6885	renal cell carcinoma	sunitinib	multikinase VEGFR-targeting TKI	renal cell carcinoma patient-derived xenograft	stroma	pretreatment	baseline	stroma_pre-treatment	BR3	a	GSE76068_stroma_Response_vs_Pretreatment;GSE76068_stroma_Escape_vs_Response;GSE76068_stroma_Escape_vs_Pretreatment	Tier A;Temporal/supportive	CORE_INCLUDE	NA	GEO labels BR/mouse 1-4 across all three time states; preserve BR as a proposed blocking factor. Technical replicates are array-level until QC.
GSE76068	GSM1973640	pre4: mouse expression	tumor pre-treatment BR 4 TR a	Mus musculus	GPL6885	renal cell carcinoma	sunitinib	multikinase VEGFR-targeting TKI	renal cell carcinoma patient-derived xenograft	stroma	pretreatment	baseline	stroma_pre-treatment	BR4	a	GSE76068_stroma_Response_vs_Pretreatment;GSE76068_stroma_Escape_vs_Response;GSE76068_stroma_Escape_vs_Pretreatment	Tier A;Temporal/supportive	CORE_INCLUDE	NA	GEO labels BR/mouse 1-4 across all three time states; preserve BR as a proposed blocking factor. Technical replicates are array-level until QC.
GSE76068	GSM1973641	t1-1a: mouse expression	tumor response BR 1 TR a	Mus musculus	GPL6885	renal cell carcinoma	sunitinib	multikinase VEGFR-targeting TKI	renal cell carcinoma patient-derived xenograft	stroma	on-treatment response	sensitive/responding	stroma_response	BR1	a	GSE76068_stroma_Response_vs_Pretreatment;GSE76068_stroma_Escape_vs_Response;GSE76068_stroma_Escape_vs_Pretreatment	Tier A;Temporal/supportive	CORE_INCLUDE	NA	GEO labels BR/mouse 1-4 across all three time states; preserve BR as a proposed blocking factor. Technical replicates are array-level until QC.
GSE76068	GSM1973642	t1-1b: mouse expression	tumor response BR 1 TR b	Mus musculus	GPL6885	renal cell carcinoma	sunitinib	multikinase VEGFR-targeting TKI	renal cell carcinoma patient-derived xenograft	stroma	on-treatment response	sensitive/responding	stroma_response	BR1	b	GSE76068_stroma_Response_vs_Pretreatment;GSE76068_stroma_Escape_vs_Response;GSE76068_stroma_Escape_vs_Pretreatment	Tier A;Temporal/supportive	CORE_INCLUDE	NA	GEO labels BR/mouse 1-4 across all three time states; preserve BR as a proposed blocking factor. Technical replicates are array-level until QC.
GSE76068	GSM1973643	t1-2a: mouse expression	tumor response BR 2 TR a	Mus musculus	GPL6885	renal cell carcinoma	sunitinib	multikinase VEGFR-targeting TKI	renal cell carcinoma patient-derived xenograft	stroma	on-treatment response	sensitive/responding	stroma_response	BR2	a	GSE76068_stroma_Response_vs_Pretreatment;GSE76068_stroma_Escape_vs_Response;GSE76068_stroma_Escape_vs_Pretreatment	Tier A;Temporal/supportive	CORE_INCLUDE	NA	GEO labels BR/mouse 1-4 across all three time states; preserve BR as a proposed blocking factor. Technical replicates are array-level until QC.
GSE76068	GSM1973644	t1-2b: mouse expression	tumor response BR 2 TR b	Mus musculus	GPL6885	renal cell carcinoma	sunitinib	multikinase VEGFR-targeting TKI	renal cell carcinoma patient-derived xenograft	stroma	on-treatment response	sensitive/responding	stroma_response	BR2	b	GSE76068_stroma_Response_vs_Pretreatment;GSE76068_stroma_Escape_vs_Response;GSE76068_stroma_Escape_vs_Pretreatment	Tier A;Temporal/supportive	EXCLUDE	Round 1 objective QC failure: low_cross-sample_correlation;low_detection_fraction	GEO labels BR/mouse 1-4 across all three time states; preserve BR as a proposed blocking factor. Technical replicates are array-level until QC.
GSE76068	GSM1973645	t1-3a: mouse expression	tumor response BR 3 TR a	Mus musculus	GPL6885	renal cell carcinoma	sunitinib	multikinase VEGFR-targeting TKI	renal cell carcinoma patient-derived xenograft	stroma	on-treatment response	sensitive/responding	stroma_response	BR3	a	GSE76068_stroma_Response_vs_Pretreatment;GSE76068_stroma_Escape_vs_Response;GSE76068_stroma_Escape_vs_Pretreatment	Tier A;Temporal/supportive	CORE_INCLUDE	NA	GEO labels BR/mouse 1-4 across all three time states; preserve BR as a proposed blocking factor. Technical replicates are array-level until QC.
GSE76068	GSM1973646	t1-3b: mouse expression	tumor response BR 3 TR b	Mus musculus	GPL6885	renal cell carcinoma	sunitinib	multikinase VEGFR-targeting TKI	renal cell carcinoma patient-derived xenograft	stroma	on-treatment response	sensitive/responding	stroma_response	BR3	b	GSE76068_stroma_Response_vs_Pretreatment;GSE76068_stroma_Escape_vs_Response;GSE76068_stroma_Escape_vs_Pretreatment	Tier A;Temporal/supportive	CORE_INCLUDE	NA	GEO labels BR/mouse 1-4 across all three time states; preserve BR as a proposed blocking factor. Technical replicates are array-level until QC.
GSE76068	GSM1973647	t1-4a: mouse expression	tumor response BR 4 TR a	Mus musculus	GPL6885	renal cell carcinoma	sunitinib	multikinase VEGFR-targeting TKI	renal cell carcinoma patient-derived xenograft	stroma	on-treatment response	sensitive/responding	stroma_response	BR4	a	GSE76068_stroma_Response_vs_Pretreatment;GSE76068_stroma_Escape_vs_Response;GSE76068_stroma_Escape_vs_Pretreatment	Tier A;Temporal/supportive	CORE_INCLUDE	NA	GEO labels BR/mouse 1-4 across all three time states; preserve BR as a proposed blocking factor. Technical replicates are array-level until QC.
GSE76068	GSM1973648	t1-4b: mouse expression	tumor response BR 4 TR b	Mus musculus	GPL6885	renal cell carcinoma	sunitinib	multikinase VEGFR-targeting TKI	renal cell carcinoma patient-derived xenograft	stroma	on-treatment response	sensitive/responding	stroma_response	BR4	b	GSE76068_stroma_Response_vs_Pretreatment;GSE76068_stroma_Escape_vs_Response;GSE76068_stroma_Escape_vs_Pretreatment	Tier A;Temporal/supportive	EXCLUDE	Round 1 objective QC failure: low_cross-sample_correlation;low_technical-replicate_concordance	GEO labels BR/mouse 1-4 across all three time states; preserve BR as a proposed blocking factor. Technical replicates are array-level until QC.
GSE76068	GSM1973649	t2-1: mouse expression	tumor escape BR 1 TR a	Mus musculus	GPL6885	renal cell carcinoma	sunitinib	multikinase VEGFR-targeting TKI	renal cell carcinoma patient-derived xenograft	stroma	on-treatment escape	acquired resistance/escape	stroma_escape	BR1	a	GSE76068_stroma_Response_vs_Pretreatment;GSE76068_stroma_Escape_vs_Response;GSE76068_stroma_Escape_vs_Pretreatment	Tier A;Temporal/supportive	CORE_INCLUDE	NA	GEO labels BR/mouse 1-4 across all three time states; preserve BR as a proposed blocking factor. Technical replicates are array-level until QC.
GSE76068	GSM1973650	t2-2: mouse expression	tumor escape BR 2 TR a	Mus musculus	GPL6885	renal cell carcinoma	sunitinib	multikinase VEGFR-targeting TKI	renal cell carcinoma patient-derived xenograft	stroma	on-treatment escape	acquired resistance/escape	stroma_escape	BR2	a	GSE76068_stroma_Response_vs_Pretreatment;GSE76068_stroma_Escape_vs_Response;GSE76068_stroma_Escape_vs_Pretreatment	Tier A;Temporal/supportive	CORE_INCLUDE	NA	GEO labels BR/mouse 1-4 across all three time states; preserve BR as a proposed blocking factor. Technical replicates are array-level until QC.
GSE76068	GSM1973651	t2-3: mouse expression	tumor escape BR 3 TR a	Mus musculus	GPL6885	renal cell carcinoma	sunitinib	multikinase VEGFR-targeting TKI	renal cell carcinoma patient-derived xenograft	stroma	on-treatment escape	acquired resistance/escape	stroma_escape	BR3	a	GSE76068_stroma_Response_vs_Pretreatment;GSE76068_stroma_Escape_vs_Response;GSE76068_stroma_Escape_vs_Pretreatment	Tier A;Temporal/supportive	CORE_INCLUDE	NA	GEO labels BR/mouse 1-4 across all three time states; preserve BR as a proposed blocking factor. Technical replicates are array-level until QC.
GSE76068	GSM1973652	t2-4: mouse expression	tumor escape BR 4 TR a	Mus musculus	GPL6885	renal cell carcinoma	sunitinib	multikinase VEGFR-targeting TKI	renal cell carcinoma patient-derived xenograft	stroma	on-treatment escape	acquired resistance/escape	stroma_escape	BR4	a	GSE76068_stroma_Response_vs_Pretreatment;GSE76068_stroma_Escape_vs_Response;GSE76068_stroma_Escape_vs_Pretreatment	Tier A;Temporal/supportive	CORE_INCLUDE	NA	GEO labels BR/mouse 1-4 across all three time states; preserve BR as a proposed blocking factor. Technical replicates are array-level until QC.
GSE73571	GSM1898056	HCC xenograft mice treated with sorafenib (RES48D)	HCC xenograft mice treated with sorafenib	Homo sapiens	GPL6244	hepatocellular carcinoma	sorafenib	multikinase VEGFR-targeting TKI	Huh7 subcutaneous xenograft	tumor	sorafenib-acquired resistant	acquired resistance	xenograft_sorafenib-acquired_resistant	GSM1898056	none	GSE73571_tumor_Resistant_vs_Sensitive	Tier A	CORE_INCLUDE	NA	No technical replicates declared. Day-like suffixes are sample labels, not matched time points.
GSE73571	GSM1898057	HCC xenograft mice treated with sorafenib (RES74D)	HCC xenograft mice treated with sorafenib	Homo sapiens	GPL6244	hepatocellular carcinoma	sorafenib	multikinase VEGFR-targeting TKI	Huh7 subcutaneous xenograft	tumor	sorafenib-acquired resistant	acquired resistance	xenograft_sorafenib-acquired_resistant	GSM1898057	none	GSE73571_tumor_Resistant_vs_Sensitive	Tier A	CORE_INCLUDE	NA	No technical replicates declared. Day-like suffixes are sample labels, not matched time points.
GSE73571	GSM1898058	HCC xenograft mice treated with sorafenib (RES54D)	HCC xenograft mice treated with sorafenib	Homo sapiens	GPL6244	hepatocellular carcinoma	sorafenib	multikinase VEGFR-targeting TKI	Huh7 subcutaneous xenograft	tumor	sorafenib-acquired resistant	acquired resistance	xenograft_sorafenib-acquired_resistant	GSM1898058	none	GSE73571_tumor_Resistant_vs_Sensitive	Tier A	CORE_INCLUDE	NA	No technical replicates declared. Day-like suffixes are sample labels, not matched time points.
GSE73571	GSM1898059	HCC xenograft mice treated with sorafenib (RES168D)	HCC xenograft mice treated with sorafenib	Homo sapiens	GPL6244	hepatocellular carcinoma	sorafenib	multikinase VEGFR-targeting TKI	Huh7 subcutaneous xenograft	tumor	sorafenib-acquired resistant	acquired resistance	xenograft_sorafenib-acquired_resistant	GSM1898059	none	GSE73571_tumor_Resistant_vs_Sensitive	Tier A	CORE_INCLUDE	NA	No technical replicates declared. Day-like suffixes are sample labels, not matched time points.
GSE73571	GSM1898060	HCC xenograft mice treated with sorafenib (SEN14D)	HCC xenograft mice treated with sorafenib	Homo sapiens	GPL6244	hepatocellular carcinoma	sorafenib	multikinase VEGFR-targeting TKI	Huh7 subcutaneous xenograft	tumor	sorafenib sensitive	sensitive/responding	xenograft_sorafenib_sensitive	GSM1898060	none	GSE73571_tumor_Resistant_vs_Sensitive	Tier A	CORE_INCLUDE	NA	No technical replicates declared. Day-like suffixes are sample labels, not matched time points.
GSE73571	GSM1898061	HCC xenograft mice treated with sorafenib (SEN410D)	HCC xenograft mice treated with sorafenib	Homo sapiens	GPL6244	hepatocellular carcinoma	sorafenib	multikinase VEGFR-targeting TKI	Huh7 subcutaneous xenograft	tumor	sorafenib sensitive	sensitive/responding	xenograft_sorafenib_sensitive	GSM1898061	none	GSE73571_tumor_Resistant_vs_Sensitive	Tier A	CORE_INCLUDE	NA	No technical replicates declared. Day-like suffixes are sample labels, not matched time points.
GSE73571	GSM1898062	HCC xenograft mice treated with sorafenib (SEN84D)	HCC xenograft mice treated with sorafenib	Homo sapiens	GPL6244	hepatocellular carcinoma	sorafenib	multikinase VEGFR-targeting TKI	Huh7 subcutaneous xenograft	tumor	sorafenib sensitive	sensitive/responding	xenograft_sorafenib_sensitive	GSM1898062	none	GSE73571_tumor_Resistant_vs_Sensitive	Tier A	CORE_INCLUDE	NA	No technical replicates declared. Day-like suffixes are sample labels, not matched time points.
GSE73571	GSM1898063	HCC xenograft mice treated with sorafenib (BRI1010D)	HCC xenograft mice treated with sorafenib	Homo sapiens	GPL6244	hepatocellular carcinoma	brivanib after sorafenib resistance	multikinase VEGFR-targeting TKI	Huh7 subcutaneous xenograft	tumor	brivanib treated after resistance	post-resistance alternate treatment	xenograft_brivanib_treated_after_resistance	GSM1898063	none	NA	NA	EXCLUDE	post-resistance alternate-drug intervention; outside core contrast	No technical replicates declared. Day-like suffixes are sample labels, not matched time points.
GSE73571	GSM1898064	HCC xenograft mice treated with sorafenib (BRI34D)	HCC xenograft mice treated with sorafenib	Homo sapiens	GPL6244	hepatocellular carcinoma	brivanib after sorafenib resistance	multikinase VEGFR-targeting TKI	Huh7 subcutaneous xenograft	tumor	brivanib treated after resistance	post-resistance alternate treatment	xenograft_brivanib_treated_after_resistance	GSM1898064	none	NA	NA	EXCLUDE	post-resistance alternate-drug intervention; outside core contrast	No technical replicates declared. Day-like suffixes are sample labels, not matched time points.
GSE73571	GSM1898065	HCC xenograft mice treated with sorafenib (BRI710D)	HCC xenograft mice treated with sorafenib	Homo sapiens	GPL6244	hepatocellular carcinoma	brivanib after sorafenib resistance	multikinase VEGFR-targeting TKI	Huh7 subcutaneous xenograft	tumor	brivanib treated after resistance	post-resistance alternate treatment	xenograft_brivanib_treated_after_resistance	GSM1898065	none	NA	NA	EXCLUDE	post-resistance alternate-drug intervention; outside core contrast	No technical replicates declared. Day-like suffixes are sample labels, not matched time points.
GSE73571	GSM1898066	HCC parental non-treated spheres (HpP1NA)	HCC parental non-treated spheres	Homo sapiens	GPL6244	hepatocellular carcinoma	sorafenib	multikinase VEGFR-targeting TKI	Huh7-derived hepatosphere	tumor	not treated	untreated	sphere_not_treated	GSM1898066	none	NA	NA	EXCLUDE	different in-vitro sphere model; outside core xenograft contrast	No technical replicates declared. Day-like suffixes are sample labels, not matched time points.
GSE73571	GSM1898067	HCC parental non-treated spheres (HpP2NA)	HCC parental non-treated spheres	Homo sapiens	GPL6244	hepatocellular carcinoma	sorafenib	multikinase VEGFR-targeting TKI	Huh7-derived hepatosphere	tumor	not treated	untreated	sphere_not_treated	GSM1898067	none	NA	NA	EXCLUDE	different in-vitro sphere model; outside core xenograft contrast	No technical replicates declared. Day-like suffixes are sample labels, not matched time points.
GSE73571	GSM1898068	HCC parental non-treated spheres (HpP5NA)	HCC parental non-treated spheres	Homo sapiens	GPL6244	hepatocellular carcinoma	sorafenib	multikinase VEGFR-targeting TKI	Huh7-derived hepatosphere	tumor	not treated	untreated	sphere_not_treated	GSM1898068	none	NA	NA	EXCLUDE	different in-vitro sphere model; outside core xenograft contrast	No technical replicates declared. Day-like suffixes are sample labels, not matched time points.
GSE73571	GSM1898069	HCC sorafenib-acquired resistant spheres (HpRE1NA)	HCC sorafenib-acquired resistant spheres	Homo sapiens	GPL6244	hepatocellular carcinoma	sorafenib	multikinase VEGFR-targeting TKI	Huh7-derived hepatosphere	tumor	sorafenib-acquired resistant	acquired resistance	sphere_sorafenib-acquired_resistant	GSM1898069	none	NA	NA	EXCLUDE	different in-vitro sphere model; outside core xenograft contrast	No technical replicates declared. Day-like suffixes are sample labels, not matched time points.
GSE73571	GSM1898070	HCC sorafenib-acquired resistant spheres (HpRE2NA)	HCC sorafenib-acquired resistant spheres	Homo sapiens	GPL6244	hepatocellular carcinoma	sorafenib	multikinase VEGFR-targeting TKI	Huh7-derived hepatosphere	tumor	sorafenib-acquired resistant	acquired resistance	sphere_sorafenib-acquired_resistant	GSM1898070	none	NA	NA	EXCLUDE	different in-vitro sphere model; outside core xenograft contrast	No technical replicates declared. Day-like suffixes are sample labels, not matched time points.
GSE73571	GSM1898071	HCC sorafenib-acquired resistant spheres (HpRE3NA)	HCC sorafenib-acquired resistant spheres	Homo sapiens	GPL6244	hepatocellular carcinoma	sorafenib	multikinase VEGFR-targeting TKI	Huh7-derived hepatosphere	tumor	sorafenib-acquired resistant	acquired resistance	sphere_sorafenib-acquired_resistant	GSM1898071	none	NA	NA	EXCLUDE	different in-vitro sphere model; outside core xenograft contrast	No technical replicates declared. Day-like suffixes are sample labels, not matched time points.
GSE180687	GSM5468039	Control endothelial cell, biological rep1	mouse endothelial cell sorting with CD31 antibody	Mus musculus	GPL1261	ovarian cancer	B20 anti-VEGF-A antibody	VEGF ligand blockade	SKOV3ip1 orthotopic ovarian cancer xenograft	endothelial	control IgG	untreated/control	control endothelial	BR1	none	NA	NA	SUPPORTIVE_ONLY	not part of the prespecified resistant-vs-sensitive contrast	Control identity as IgG is supported by the source paper; GEO sample fields only say control endothelial cell.
GSE180687	GSM5468040	Control endothelial cell, biological rep2	mouse endothelial cell sorting with CD31 antibody	Mus musculus	GPL1261	ovarian cancer	B20 anti-VEGF-A antibody	VEGF ligand blockade	SKOV3ip1 orthotopic ovarian cancer xenograft	endothelial	control IgG	untreated/control	control endothelial	BR2	none	NA	NA	SUPPORTIVE_ONLY	not part of the prespecified resistant-vs-sensitive contrast	Control identity as IgG is supported by the source paper; GEO sample fields only say control endothelial cell.
GSE180687	GSM5468041	Control endothelial cell, biological rep3	mouse endothelial cell sorting with CD31 antibody	Mus musculus	GPL1261	ovarian cancer	B20 anti-VEGF-A antibody	VEGF ligand blockade	SKOV3ip1 orthotopic ovarian cancer xenograft	endothelial	control IgG	untreated/control	control endothelial	BR3	none	NA	NA	SUPPORTIVE_ONLY	not part of the prespecified resistant-vs-sensitive contrast	Control identity as IgG is supported by the source paper; GEO sample fields only say control endothelial cell.
GSE180687	GSM5468042	Control endothelial cell, biological rep4	mouse endothelial cell sorting with CD31 antibody	Mus musculus	GPL1261	ovarian cancer	B20 anti-VEGF-A antibody	VEGF ligand blockade	SKOV3ip1 orthotopic ovarian cancer xenograft	endothelial	control IgG	untreated/control	control endothelial	BR4	none	NA	NA	SUPPORTIVE_ONLY	not part of the prespecified resistant-vs-sensitive contrast	Control identity as IgG is supported by the source paper; GEO sample fields only say control endothelial cell.
GSE180687	GSM5468043	Control endothelial cell, biological rep5	mouse endothelial cell sorting with CD31 antibody	Mus musculus	GPL1261	ovarian cancer	B20 anti-VEGF-A antibody	VEGF ligand blockade	SKOV3ip1 orthotopic ovarian cancer xenograft	endothelial	control IgG	untreated/control	control endothelial	BR5	none	NA	NA	SUPPORTIVE_ONLY	not part of the prespecified resistant-vs-sensitive contrast	Control identity as IgG is supported by the source paper; GEO sample fields only say control endothelial cell.
GSE180687	GSM5468044	Sensitive endothelial cell, biological rep1	mouse endothelial cell sorting with CD31 antibody	Mus musculus	GPL1261	ovarian cancer	B20 anti-VEGF-A antibody	VEGF ligand blockade	SKOV3ip1 orthotopic ovarian cancer xenograft	endothelial	B20 maximal response/sensitive	sensitive/responding	sensitive endothelial	BR1	none	GSE180687_endothelial_Resistant_vs_Sensitive	Tier A	CORE_INCLUDE	NA	Control identity as IgG is supported by the source paper; GEO sample fields only say control endothelial cell.
GSE180687	GSM5468045	Sensitive endothelial cell, biological rep2	mouse endothelial cell sorting with CD31 antibody	Mus musculus	GPL1261	ovarian cancer	B20 anti-VEGF-A antibody	VEGF ligand blockade	SKOV3ip1 orthotopic ovarian cancer xenograft	endothelial	B20 maximal response/sensitive	sensitive/responding	sensitive endothelial	BR2	none	GSE180687_endothelial_Resistant_vs_Sensitive	Tier A	CORE_INCLUDE	NA	Control identity as IgG is supported by the source paper; GEO sample fields only say control endothelial cell.
GSE180687	GSM5468046	Sensitive endothelial cell, biological rep3	mouse endothelial cell sorting with CD31 antibody	Mus musculus	GPL1261	ovarian cancer	B20 anti-VEGF-A antibody	VEGF ligand blockade	SKOV3ip1 orthotopic ovarian cancer xenograft	endothelial	B20 maximal response/sensitive	sensitive/responding	sensitive endothelial	BR3	none	GSE180687_endothelial_Resistant_vs_Sensitive	Tier A	CORE_INCLUDE	NA	Control identity as IgG is supported by the source paper; GEO sample fields only say control endothelial cell.
GSE180687	GSM5468047	Sensitive endothelial cell, biological rep4	mouse endothelial cell sorting with CD31 antibody	Mus musculus	GPL1261	ovarian cancer	B20 anti-VEGF-A antibody	VEGF ligand blockade	SKOV3ip1 orthotopic ovarian cancer xenograft	endothelial	B20 maximal response/sensitive	sensitive/responding	sensitive endothelial	BR4	none	GSE180687_endothelial_Resistant_vs_Sensitive	Tier A	CORE_INCLUDE	NA	Control identity as IgG is supported by the source paper; GEO sample fields only say control endothelial cell.
GSE180687	GSM5468048	Resistant endothelial cell, biological rep1	mouse endothelial cell sorting with CD31 antibody	Mus musculus	GPL1261	ovarian cancer	B20 anti-VEGF-A antibody	VEGF ligand blockade	SKOV3ip1 orthotopic ovarian cancer xenograft	endothelial	B20 progression/resistant	adaptive resistance	resistant endothelial	BR1	none	GSE180687_endothelial_Resistant_vs_Sensitive	Tier A	CORE_INCLUDE	NA	Control identity as IgG is supported by the source paper; GEO sample fields only say control endothelial cell.
GSE180687	GSM5468049	Resistant endothelial cell, biological rep2	mouse endothelial cell sorting with CD31 antibody	Mus musculus	GPL1261	ovarian cancer	B20 anti-VEGF-A antibody	VEGF ligand blockade	SKOV3ip1 orthotopic ovarian cancer xenograft	endothelial	B20 progression/resistant	adaptive resistance	resistant endothelial	BR2	none	GSE180687_endothelial_Resistant_vs_Sensitive	Tier A	CORE_INCLUDE	NA	Control identity as IgG is supported by the source paper; GEO sample fields only say control endothelial cell.
GSE180687	GSM5468050	Resistant endothelial cell, biological rep3	mouse endothelial cell sorting with CD31 antibody	Mus musculus	GPL1261	ovarian cancer	B20 anti-VEGF-A antibody	VEGF ligand blockade	SKOV3ip1 orthotopic ovarian cancer xenograft	endothelial	B20 progression/resistant	adaptive resistance	resistant endothelial	BR3	none	GSE180687_endothelial_Resistant_vs_Sensitive	Tier A	CORE_INCLUDE	NA	Control identity as IgG is supported by the source paper; GEO sample fields only say control endothelial cell.
GSE180687	GSM5468051	Resistant endothelial cell, biological rep4	mouse endothelial cell sorting with CD31 antibody	Mus musculus	GPL1261	ovarian cancer	B20 anti-VEGF-A antibody	VEGF ligand blockade	SKOV3ip1 orthotopic ovarian cancer xenograft	endothelial	B20 progression/resistant	adaptive resistance	resistant endothelial	BR4	none	GSE180687_endothelial_Resistant_vs_Sensitive	Tier A	CORE_INCLUDE	NA	Control identity as IgG is supported by the source paper; GEO sample fields only say control endothelial cell.
GSE64472	GSM1571936	AZD2171 sensitive human xenograft 1	Mouse xenograft	Homo sapiens	GPL6884	non-small cell lung cancer	cediranib	VEGFR-targeted TKI	human NSCLC xenograft	tumor	on-drug sensitive	sensitive/responding	tumor_cediranib_sensitive/responding	xenograft_1	none	NA	NA	EXCLUDE	scanner-level signal failure; permanently excluded by raw-data integrity audit	Human and mouse arrays represent species-specific tumor/stromal readouts; do not combine compartments. Human arrays are permanently excluded.
GSE64472	GSM1571937	AZD2171 sensitive human xenograft 2	Mouse xenograft	Homo sapiens	GPL6884	non-small cell lung cancer	cediranib	VEGFR-targeted TKI	human NSCLC xenograft	tumor	on-drug sensitive	sensitive/responding	tumor_cediranib_sensitive/responding	xenograft_2	none	NA	NA	EXCLUDE	scanner-level signal failure; permanently excluded by raw-data integrity audit	Human and mouse arrays represent species-specific tumor/stromal readouts; do not combine compartments. Human arrays are permanently excluded.
GSE64472	GSM1571938	AZD2171 sensitive human xenograft 3	Mouse xenograft	Homo sapiens	GPL6884	non-small cell lung cancer	cediranib	VEGFR-targeted TKI	human NSCLC xenograft	tumor	on-drug sensitive	sensitive/responding	tumor_cediranib_sensitive/responding	xenograft_3	none	NA	NA	EXCLUDE	scanner-level signal failure; permanently excluded by raw-data integrity audit	Human and mouse arrays represent species-specific tumor/stromal readouts; do not combine compartments. Human arrays are permanently excluded.
GSE64472	GSM1571939	AZD2171 resistant human xenograft 1	Mouse xenograft	Homo sapiens	GPL6884	non-small cell lung cancer	cediranib	VEGFR-targeted TKI	human NSCLC xenograft	tumor	on-drug resistant	acquired resistance	tumor_cediranib_acquired resistance	xenograft_1	none	NA	NA	EXCLUDE	scanner-level signal failure; permanently excluded by raw-data integrity audit	Human and mouse arrays represent species-specific tumor/stromal readouts; do not combine compartments. Human arrays are permanently excluded.
GSE64472	GSM1571940	AZD2171 resistant human xenograft 2	Mouse xenograft	Homo sapiens	GPL6884	non-small cell lung cancer	cediranib	VEGFR-targeted TKI	human NSCLC xenograft	tumor	on-drug resistant	acquired resistance	tumor_cediranib_acquired resistance	xenograft_2	none	NA	NA	EXCLUDE	scanner-level signal failure; permanently excluded by raw-data integrity audit	Human and mouse arrays represent species-specific tumor/stromal readouts; do not combine compartments. Human arrays are permanently excluded.
GSE64472	GSM1571941	AZD2171 resistant human xenograft 3	Mouse xenograft	Homo sapiens	GPL6884	non-small cell lung cancer	cediranib	VEGFR-targeted TKI	human NSCLC xenograft	tumor	on-drug resistant	acquired resistance	tumor_cediranib_acquired resistance	xenograft_3	none	NA	NA	EXCLUDE	scanner-level signal failure; permanently excluded by raw-data integrity audit	Human and mouse arrays represent species-specific tumor/stromal readouts; do not combine compartments. Human arrays are permanently excluded.
GSE64472	GSM1571942	ZD6474 sensitive human xenograft 1	Mouse xenograft	Homo sapiens	GPL6884	non-small cell lung cancer	vandetanib	VEGFR-targeted TKI	human NSCLC xenograft	tumor	on-drug sensitive	sensitive/responding	tumor_vandetanib_sensitive/responding	xenograft_1	none	NA	NA	EXCLUDE	scanner-level signal failure; permanently excluded by raw-data integrity audit	Human and mouse arrays represent species-specific tumor/stromal readouts; do not combine compartments. Human arrays are permanently excluded.
GSE64472	GSM1571943	ZD6474 sensitive human xenograft 2	Mouse xenograft	Homo sapiens	GPL6884	non-small cell lung cancer	vandetanib	VEGFR-targeted TKI	human NSCLC xenograft	tumor	on-drug sensitive	sensitive/responding	tumor_vandetanib_sensitive/responding	xenograft_2	none	NA	NA	EXCLUDE	scanner-level signal failure; permanently excluded by raw-data integrity audit	Human and mouse arrays represent species-specific tumor/stromal readouts; do not combine compartments. Human arrays are permanently excluded.
GSE64472	GSM1571944	ZD6474 sensitive human xenograft 3	Mouse xenograft	Homo sapiens	GPL6884	non-small cell lung cancer	vandetanib	VEGFR-targeted TKI	human NSCLC xenograft	tumor	on-drug sensitive	sensitive/responding	tumor_vandetanib_sensitive/responding	xenograft_3	none	NA	NA	EXCLUDE	scanner-level signal failure; permanently excluded by raw-data integrity audit	Human and mouse arrays represent species-specific tumor/stromal readouts; do not combine compartments. Human arrays are permanently excluded.
GSE64472	GSM1571945	ZD6474 resistant human xenograft 1	Mouse xenograft	Homo sapiens	GPL6884	non-small cell lung cancer	vandetanib	VEGFR-targeted TKI	human NSCLC xenograft	tumor	on-drug resistant	acquired resistance	tumor_vandetanib_acquired resistance	xenograft_1	none	NA	NA	EXCLUDE	scanner-level signal failure; permanently excluded by raw-data integrity audit	Human and mouse arrays represent species-specific tumor/stromal readouts; do not combine compartments. Human arrays are permanently excluded.
GSE64472	GSM1571946	ZD6474 resistant human xenograft 2	Mouse xenograft	Homo sapiens	GPL6884	non-small cell lung cancer	vandetanib	VEGFR-targeted TKI	human NSCLC xenograft	tumor	on-drug resistant	acquired resistance	tumor_vandetanib_acquired resistance	xenograft_2	none	NA	NA	EXCLUDE	scanner-level signal failure; permanently excluded by raw-data integrity audit	Human and mouse arrays represent species-specific tumor/stromal readouts; do not combine compartments. Human arrays are permanently excluded.
GSE64472	GSM1571925	AZD2171 sensitive mouse xenograft 1	Mouse xenograft	Mus musculus	GPL6887	non-small cell lung cancer	cediranib	VEGFR-targeted TKI	human NSCLC xenograft	stroma	on-drug sensitive	sensitive/responding	stroma_cediranib_sensitive/responding	xenograft_1	none	GSE64472_stroma_Cediranib_resistant_vs_sensitive	Tier A	CORE_INCLUDE	NA	Human and mouse arrays represent species-specific tumor/stromal readouts; do not combine compartments. Human arrays are permanently excluded.
GSE64472	GSM1571926	AZD2171 sensitive mouse xenograft 2	Mouse xenograft	Mus musculus	GPL6887	non-small cell lung cancer	cediranib	VEGFR-targeted TKI	human NSCLC xenograft	stroma	on-drug sensitive	sensitive/responding	stroma_cediranib_sensitive/responding	xenograft_2	none	GSE64472_stroma_Cediranib_resistant_vs_sensitive	Tier A	CORE_INCLUDE	NA	Human and mouse arrays represent species-specific tumor/stromal readouts; do not combine compartments. Human arrays are permanently excluded.
GSE64472	GSM1571927	AZD2171 sensitive mouse xenograft 3	Mouse xenograft	Mus musculus	GPL6887	non-small cell lung cancer	cediranib	VEGFR-targeted TKI	human NSCLC xenograft	stroma	on-drug sensitive	sensitive/responding	stroma_cediranib_sensitive/responding	xenograft_3	none	GSE64472_stroma_Cediranib_resistant_vs_sensitive	Tier A	CORE_INCLUDE	NA	Human and mouse arrays represent species-specific tumor/stromal readouts; do not combine compartments. Human arrays are permanently excluded.
GSE64472	GSM1571928	AZD2171 resistant mouse xenograft 1	Mouse xenograft	Mus musculus	GPL6887	non-small cell lung cancer	cediranib	VEGFR-targeted TKI	human NSCLC xenograft	stroma	on-drug resistant	acquired resistance	stroma_cediranib_acquired resistance	xenograft_1	none	GSE64472_stroma_Cediranib_resistant_vs_sensitive	Tier A	CORE_INCLUDE	NA	Human and mouse arrays represent species-specific tumor/stromal readouts; do not combine compartments. Human arrays are permanently excluded.
GSE64472	GSM1571929	AZD2171 resistant mouse xenograft 2	Mouse xenograft	Mus musculus	GPL6887	non-small cell lung cancer	cediranib	VEGFR-targeted TKI	human NSCLC xenograft	stroma	on-drug resistant	acquired resistance	stroma_cediranib_acquired resistance	xenograft_2	none	GSE64472_stroma_Cediranib_resistant_vs_sensitive	Tier A	CORE_INCLUDE	NA	Human and mouse arrays represent species-specific tumor/stromal readouts; do not combine compartments. Human arrays are permanently excluded.
GSE64472	GSM1571930	AZD2171 resistant mouse xenograft 3	Mouse xenograft	Mus musculus	GPL6887	non-small cell lung cancer	cediranib	VEGFR-targeted TKI	human NSCLC xenograft	stroma	on-drug resistant	acquired resistance	stroma_cediranib_acquired resistance	xenograft_3	none	GSE64472_stroma_Cediranib_resistant_vs_sensitive	Tier A	CORE_INCLUDE	NA	Human and mouse arrays represent species-specific tumor/stromal readouts; do not combine compartments. Human arrays are permanently excluded.
GSE64472	GSM1571931	ZD6474 sensitive mouse xenograft 1	Mouse xenograft	Mus musculus	GPL6887	non-small cell lung cancer	vandetanib	VEGFR-targeted TKI	human NSCLC xenograft	stroma	on-drug sensitive	sensitive/responding	stroma_vandetanib_sensitive/responding	xenograft_1	none	GSE64472_stroma_Vandetanib_resistant_vs_sensitive	Tier A	CORE_INCLUDE	NA	Human and mouse arrays represent species-specific tumor/stromal readouts; do not combine compartments. Human arrays are permanently excluded.
GSE64472	GSM1571932	ZD6474 sensitive mouse xenograft 2	Mouse xenograft	Mus musculus	GPL6887	non-small cell lung cancer	vandetanib	VEGFR-targeted TKI	human NSCLC xenograft	stroma	on-drug sensitive	sensitive/responding	stroma_vandetanib_sensitive/responding	xenograft_2	none	GSE64472_stroma_Vandetanib_resistant_vs_sensitive	Tier A	CORE_INCLUDE	NA	Human and mouse arrays represent species-specific tumor/stromal readouts; do not combine compartments. Human arrays are permanently excluded.
GSE64472	GSM1571933	ZD6474 sensitive mouse xenograft 3	Mouse xenograft	Mus musculus	GPL6887	non-small cell lung cancer	vandetanib	VEGFR-targeted TKI	human NSCLC xenograft	stroma	on-drug sensitive	sensitive/responding	stroma_vandetanib_sensitive/responding	xenograft_3	none	GSE64472_stroma_Vandetanib_resistant_vs_sensitive	Tier A	CORE_INCLUDE	NA	Human and mouse arrays represent species-specific tumor/stromal readouts; do not combine compartments. Human arrays are permanently excluded.
GSE64472	GSM1571934	ZD6474 resistant mouse xenograft 1	Mouse xenograft	Mus musculus	GPL6887	non-small cell lung cancer	vandetanib	VEGFR-targeted TKI	human NSCLC xenograft	stroma	on-drug resistant	acquired resistance	stroma_vandetanib_acquired resistance	xenograft_1	none	GSE64472_stroma_Vandetanib_resistant_vs_sensitive	Tier A	CORE_INCLUDE	NA	Human and mouse arrays represent species-specific tumor/stromal readouts; do not combine compartments. Human arrays are permanently excluded.
GSE64472	GSM1571935	ZD6474 resistant mouse xenograft 2	Mouse xenograft	Mus musculus	GPL6887	non-small cell lung cancer	vandetanib	VEGFR-targeted TKI	human NSCLC xenograft	stroma	on-drug resistant	acquired resistance	stroma_vandetanib_acquired resistance	xenograft_2	none	GSE64472_stroma_Vandetanib_resistant_vs_sensitive	Tier A	CORE_INCLUDE	NA	Human and mouse arrays represent species-specific tumor/stromal readouts; do not combine compartments. Human arrays are permanently excluded.
GSE26644	GSM655943	Vehicle 2.1 (PBS) control (HumanWG-6)	Subcutaneous xenograft (murine) from a mouse treated with control (PBS) vehicle 2.1	Homo sapiens	GPL6884	non-small cell lung cancer	bevacizumab	VEGF ligand blockade	H1975 human NSCLC xenograft	tumor	PBS vehicle	untreated/vehicle control	tumor_vehicle_control	xenograft_2.1	none	GSE26644_tumor_Bevacizumab_resistant_vs_vehicle	Tier B	CORE_INCLUDE	NA	Species-specific human tumor and mouse stromal arrays come from matched xenografts; compartments remain separate and are not independent studies.
GSE26644	GSM655944	Vehicle 5.2 (PBS) control (HumanWG-6)	Subcutaneous xenograft (murine) from a mouse treated with control (PBS) vehicle 5.2	Homo sapiens	GPL6884	non-small cell lung cancer	bevacizumab	VEGF ligand blockade	H1975 human NSCLC xenograft	tumor	PBS vehicle	untreated/vehicle control	tumor_vehicle_control	xenograft_5.2	none	GSE26644_tumor_Bevacizumab_resistant_vs_vehicle	Tier B	CORE_INCLUDE	NA	Species-specific human tumor and mouse stromal arrays come from matched xenografts; compartments remain separate and are not independent studies.
GSE26644	GSM655945	Vehicle 7.1 (PBS) control (HumanWG-6)	Subcutaneous xenograft (murine) from a mouse treated with control (PBS) vehicle 7.1	Homo sapiens	GPL6884	non-small cell lung cancer	bevacizumab	VEGF ligand blockade	H1975 human NSCLC xenograft	tumor	PBS vehicle	untreated/vehicle control	tumor_vehicle_control	xenograft_7.1	none	GSE26644_tumor_Bevacizumab_resistant_vs_vehicle	Tier B	CORE_INCLUDE	NA	Species-specific human tumor and mouse stromal arrays come from matched xenografts; compartments remain separate and are not independent studies.
GSE26644	GSM655946	Bevacizumab (Avastin) 17.1 (HumanWG-6)	Subcutaneous xenograft (murine) from a mouse treated with bevacizumab (10mg/kg) 17.1	Homo sapiens	GPL6884	non-small cell lung cancer	bevacizumab	VEGF ligand blockade	H1975 human NSCLC xenograft	tumor	bevacizumab until progression	acquired resistance	tumor_resistant	xenograft_17.1	none	GSE26644_tumor_Bevacizumab_resistant_vs_vehicle	Tier B	CORE_INCLUDE	NA	Species-specific human tumor and mouse stromal arrays come from matched xenografts; compartments remain separate and are not independent studies.
GSE26644	GSM655947	Bevacizumab (Avastin) 18.1 (HumanWG-6)	Subcutaneous xenograft (murine) from a mouse treated with bevacizumab (10 mg/kg) 18.1	Homo sapiens	GPL6884	non-small cell lung cancer	bevacizumab	VEGF ligand blockade	H1975 human NSCLC xenograft	tumor	bevacizumab until progression	acquired resistance	tumor_resistant	xenograft_18.1	none	GSE26644_tumor_Bevacizumab_resistant_vs_vehicle	Tier B	CORE_INCLUDE	NA	Species-specific human tumor and mouse stromal arrays come from matched xenografts; compartments remain separate and are not independent studies.
GSE26644	GSM655948	Bevacizumab (Avastin) 19.1 (HumanWG-6)	Subcutaneous xenograft (murine) from a mouse treated with bevacizumab (10 mg/kg) 19.1	Homo sapiens	GPL6884	non-small cell lung cancer	bevacizumab	VEGF ligand blockade	H1975 human NSCLC xenograft	tumor	bevacizumab until progression	acquired resistance	tumor_resistant	xenograft_19.1	none	GSE26644_tumor_Bevacizumab_resistant_vs_vehicle	Tier B	CORE_INCLUDE	NA	Species-specific human tumor and mouse stromal arrays come from matched xenografts; compartments remain separate and are not independent studies.
GSE26644	GSM655859	Vehicle 2.1 (PBS) control (MouseWG-6)	Subcutaneous xenograft (murine) from a mouse treated with control (PBS) vehicle 2.1	Mus musculus	GPL6887	non-small cell lung cancer	bevacizumab	VEGF ligand blockade	H1975 human NSCLC xenograft	stroma	PBS vehicle	untreated/vehicle control	stroma_vehicle_control	xenograft_2.1	none	GSE26644_stroma_Bevacizumab_resistant_vs_vehicle	Tier B	CORE_INCLUDE	NA	Species-specific human tumor and mouse stromal arrays come from matched xenografts; compartments remain separate and are not independent studies.
GSE26644	GSM655860	Vehicle 5.2 (PBS) control (MouseWG-6)	Subcutaneous xenograft (murine) from a mouse treated with control (PBS) vehicle 5.2	Mus musculus	GPL6887	non-small cell lung cancer	bevacizumab	VEGF ligand blockade	H1975 human NSCLC xenograft	stroma	PBS vehicle	untreated/vehicle control	stroma_vehicle_control	xenograft_5.2	none	GSE26644_stroma_Bevacizumab_resistant_vs_vehicle	Tier B	CORE_INCLUDE	NA	Species-specific human tumor and mouse stromal arrays come from matched xenografts; compartments remain separate and are not independent studies.
GSE26644	GSM655861	Vehicle 7.1 (PBS) control (MouseWG-6)	Subcutaneous xenograft (murine) from a mouse treated with control (PBS) vehicle 7.1	Mus musculus	GPL6887	non-small cell lung cancer	bevacizumab	VEGF ligand blockade	H1975 human NSCLC xenograft	stroma	PBS vehicle	untreated/vehicle control	stroma_vehicle_control	xenograft_7.1	none	GSE26644_stroma_Bevacizumab_resistant_vs_vehicle	Tier B	CORE_INCLUDE	NA	Species-specific human tumor and mouse stromal arrays come from matched xenografts; compartments remain separate and are not independent studies.
GSE26644	GSM655938	Bevacizumab (Avastin) 17.1 (MouseWG-6)	Subcutaneous xenograft (murine) from a mouse treated with bevacizumab (10 mg/kg) 17.1	Mus musculus	GPL6887	non-small cell lung cancer	bevacizumab	VEGF ligand blockade	H1975 human NSCLC xenograft	stroma	bevacizumab until progression	acquired resistance	stroma_resistant	xenograft_17.1	none	GSE26644_stroma_Bevacizumab_resistant_vs_vehicle	Tier B	CORE_INCLUDE	NA	Species-specific human tumor and mouse stromal arrays come from matched xenografts; compartments remain separate and are not independent studies.
GSE26644	GSM655939	Bevacizumab (Avastin) 18.1 (MouseWG-6)	Subcutaneous xenograft (murine) from a mouse treated with bevacizumab (10 mg/kg) 18.1	Mus musculus	GPL6887	non-small cell lung cancer	bevacizumab	VEGF ligand blockade	H1975 human NSCLC xenograft	stroma	bevacizumab until progression	acquired resistance	stroma_resistant	xenograft_18.1	none	GSE26644_stroma_Bevacizumab_resistant_vs_vehicle	Tier B	CORE_INCLUDE	NA	Species-specific human tumor and mouse stromal arrays come from matched xenografts; compartments remain separate and are not independent studies.
GSE26644	GSM655940	Bevacizumab (Avastin) 19.1 (MouseWG-6)	Subcutaneous xenograft (murine) from a mouse treated with bevacizumab (10 mg/kg) 19.1	Mus musculus	GPL6887	non-small cell lung cancer	bevacizumab	VEGF ligand blockade	H1975 human NSCLC xenograft	stroma	bevacizumab until progression	acquired resistance	stroma_resistant	xenograft_19.1	none	GSE26644_stroma_Bevacizumab_resistant_vs_vehicle	Tier B	CORE_INCLUDE	NA	Species-specific human tumor and mouse stromal arrays come from matched xenografts; compartments remain separate and are not independent studies.
