dataset	source_url	expected_relative_path	source_type	download_date	bytes	sha256
GSE76068	https://ftp.ncbi.nlm.nih.gov/geo/series/GSE76nnn/GSE76068/matrix/GSE76068-GPL10558_series_matrix.txt.gz	data/raw/GSE76068/official/GSE76068-GPL10558_series_matrix.txt.gz	GEO official processed/annotation	2026-09-08	5581292	35463901dee18c956781d6ffbb3f957f089003d5ef95ff751f8e778fcdf9945e
GSE76068	https://ftp.ncbi.nlm.nih.gov/geo/series/GSE76nnn/GSE76068/matrix/GSE76068-GPL6885_series_matrix.txt.gz	data/raw/GSE76068/official/GSE76068-GPL6885_series_matrix.txt.gz	GEO official processed/annotation	2026-09-08	2004376	2cd42fdbb7541ebfc4045df99b29b701b012ead56afea9ee5755f9d4001638cc
GSE76068	https://ftp.ncbi.nlm.nih.gov/geo/series/GSE76nnn/GSE76068/suppl/GSE76068_normalized_human_arrays.txt.gz	data/raw/GSE76068/official/GSE76068_normalized_human_arrays.txt.gz	GEO official processed/annotation	2026-09-08	7845833	2dbfa433b017b0be836b53341fcc85243e046f2de92f152c551aebb3db83a290
GSE76068	https://ftp.ncbi.nlm.nih.gov/geo/series/GSE76nnn/GSE76068/suppl/GSE76068_normalized_mouse_arrays.txt.gz	data/raw/GSE76068/official/GSE76068_normalized_mouse_arrays.txt.gz	GEO official processed/annotation	2026-09-08	2971748	ed3466920dec1e180493ac32124fbb56c3cc8840905b6d001ee7d4d6e66558ee
GSE76068	https://ftp.ncbi.nlm.nih.gov/geo/platforms/GPL10nnn/GPL10558/annot/GPL10558.annot.gz	data/raw/GSE76068/official/GPL10558.annot.gz	GEO official processed/annotation	2026-09-08	7290886	c914fdbe1130906ce3b9c97f5a75280591c89c617c168fb687c641f683e76b45
GSE76068	https://ftp.ncbi.nlm.nih.gov/geo/platforms/GPL6nnn/GPL6885/annot/GPL6885.annot.gz	data/raw/GSE76068/official/GPL6885.annot.gz	GEO official processed/annotation	2026-09-08	4938348	f67e9ba9a315e07cb38d6ca41c41fdaea75a8654fe7edc8624d16bfe5e116151
GSE73571	https://ftp.ncbi.nlm.nih.gov/geo/series/GSE73nnn/GSE73571/matrix/GSE73571_series_matrix.txt.gz	data/raw/GSE73571/official/GSE73571_series_matrix.txt.gz	GEO official processed/annotation	2026-09-08	2932363	58f4ad6d9222da79d0c3bbc4034da73c6519de42cf0362440a4b0a19c0c0b93d
GSE73571	https://ftp.ncbi.nlm.nih.gov/geo/platforms/GPL6nnn/GPL6244/annot/GPL6244.annot.gz	data/raw/GSE73571/official/GPL6244.annot.gz	GEO official processed/annotation	2026-09-08	7193437	99ee70f87e02c75ff1c8dc57b6c40c0482c7ef2760e004301315ac34344ac6dc
GSE180687	https://ftp.ncbi.nlm.nih.gov/geo/series/GSE180nnn/GSE180687/matrix/GSE180687_series_matrix.txt.gz	data/raw/GSE180687/official/GSE180687_series_matrix.txt.gz	GEO official processed/annotation	2026-09-08	3202141	b134372839f05d3301afecd33ad2703b8b747004fe47bebb9cf95d2ba818326e
GSE180687	https://ftp.ncbi.nlm.nih.gov/geo/platforms/GPL1nnn/GPL1261/annot/GPL1261.annot.gz	data/raw/GSE180687/official/GPL1261.annot.gz	GEO official processed/annotation	2026-09-08	8389179	394c103cf4ca99500d06369e4fb2b9b9bffc2c10fd3cbeb0b0d64c51c3fc95f8
GSE26644	https://www.ncbi.nlm.nih.gov/geo/query/acc.cgi?acc=GSE26644	source_files/GSE26644/original/processed/human_tumor_compartment/GSE26644-GPL6884_series_matrix.txt.gz	GEO public input	NA	1415758	bde56920fedb1aea8fcae60e80641c36ca2627372adbded5270b5e60b9603d10
GSE26644	https://www.ncbi.nlm.nih.gov/geo/query/acc.cgi?acc=GSE26644	source_files/GSE26644/original/processed/mouse_stromal_compartment/GSE26644-GPL6887_series_matrix.txt.gz	GEO public input	NA	1367876	6fb7ef52258d34d6dc3cadc5d453c5e58ccc255f2e3197968793eab13e97900c
GSE26644	https://www.ncbi.nlm.nih.gov/geo/query/acc.cgi?acc=GSE26644	source_files/GSE26644/original/platform/human_tumor_compartment/GPL6884.annot.gz	GEO public input	NA	6942892	8bef75ebe5b7e28bf61cf398a31e28d63d3a9884405a3510f60ac534a0b59abb
GSE26644	https://www.ncbi.nlm.nih.gov/geo/query/acc.cgi?acc=GSE26644	source_files/GSE26644/original/platform/mouse_stromal_compartment/GPL6887.annot.gz	GEO public input	NA	6879176	b70966cc44a991c6cff3309eb2523b0a094694160698a723c98b7bba1816964f
GSE64472	https://www.ncbi.nlm.nih.gov/geo/query/acc.cgi?acc=GSE64472	source_files/GSE64472/original/processed/human_tumor_compartment/GSE64472-GPL6884_series_matrix.txt.gz	GEO public input	NA	2431480	efba11eb70c9bfb77f9f9ec646fc7a4dce06716986a82d3775104f94df1517b1
GSE64472	https://www.ncbi.nlm.nih.gov/geo/query/acc.cgi?acc=GSE64472	source_files/GSE64472/original/processed/mouse_stromal_compartment/GSE64472-GPL6887_series_matrix.txt.gz	GEO public input	NA	2305247	77fea96544f7f8553f1ec32b82977d4a614407bbe85b5d7109f0920eb3da7439
GSE64472	https://www.ncbi.nlm.nih.gov/geo/query/acc.cgi?acc=GSE64472	source_files/GSE64472/original/platform/human_tumor_compartment/GPL6884.annot.gz	GEO public input	NA	6942892	8bef75ebe5b7e28bf61cf398a31e28d63d3a9884405a3510f60ac534a0b59abb
GSE64472	https://www.ncbi.nlm.nih.gov/geo/query/acc.cgi?acc=GSE64472	source_files/GSE64472/original/platform/mouse_stromal_compartment/GPL6887.annot.gz	GEO public input	NA	6879176	b70966cc44a991c6cff3309eb2523b0a094694160698a723c98b7bba1816964f
