GSM	sample_title	subject_id	responder_status	timepoint	paired_status	before_after	batch	diagnosis	primary_or_recurrent_sample	pretreatment_source_primary_flag	treatment_regimen	RNA_quality_if_available	include_exclude	exclusion_reason	notes
GSM2100916	102b_A	102b	NonResponder	before bevacizumab combination treatment	complete_pair	Pre	batch1	GBM	relapse surgery before bevacizumab-containing therapy	no	bevacizumab + irinotecan; some patients also received cetuximab (patient-level add-on not deposited)	passed deposited count-matrix library QC; numeric per-sample RIN not deposited	include		GEO processed-count sample. Post denotes surgery at progression; no intermediate relapse therapy. Prior first-line regimen: RT/TMZ+TMZ; RNA extraction: 2/25/2014; library preparation: 7/10/2014.
GSM2100917	102b_B	102b	NonResponder	after bevacizumab combination treatment	complete_pair	Post	batch1	GBM	progression reoperation after bevacizumab-containing therapy	no	bevacizumab + irinotecan; some patients also received cetuximab (patient-level add-on not deposited)	passed deposited count-matrix library QC; numeric per-sample RIN not deposited	include		GEO processed-count sample. Post denotes surgery at progression; no intermediate relapse therapy. Prior first-line regimen: RT/TMZ+TMZ; RNA extraction: 2/25/2014; library preparation: 7/10/2014.
GSM2100918	119b_A	119b	NonResponder	before bevacizumab combination treatment	complete_pair	Pre	batch1	Secondary_GBM	initial GBM diagnosis (pretreatment archival sample)	yes	bevacizumab + irinotecan; some patients also received cetuximab (patient-level add-on not deposited)	passed deposited count-matrix library QC; numeric per-sample RIN not deposited	include		GEO processed-count sample. Post denotes surgery at progression; no intermediate relapse therapy. Prior first-line regimen: RT + TMZ; RNA extraction: 2/21/2014; library preparation: 7/10/2014.
GSM2100919	119b_B	119b	NonResponder	after bevacizumab combination treatment	complete_pair	Post	batch1	Secondary_GBM	progression reoperation after bevacizumab-containing therapy	yes	bevacizumab + irinotecan; some patients also received cetuximab (patient-level add-on not deposited)	passed deposited count-matrix library QC; numeric per-sample RIN not deposited	include		GEO processed-count sample. Post denotes surgery at progression; no intermediate relapse therapy. Prior first-line regimen: RT + TMZ; RNA extraction: 2/21/2014; library preparation: 7/10/2014.
GSM2100920	1305_A	1305	NonResponder	before bevacizumab combination treatment	complete_pair	Pre	batch1	GBM	initial GBM diagnosis (pretreatment archival sample)	yes	bevacizumab + irinotecan; some patients also received cetuximab (patient-level add-on not deposited)	passed deposited count-matrix library QC; numeric per-sample RIN not deposited	include		GEO processed-count sample. Post denotes surgery at progression; no intermediate relapse therapy. Prior first-line regimen: RT/TMZ+TMZ; RNA extraction: 2/25/2014; library preparation: 7/10/2014.
GSM2100921	1305_B	1305	NonResponder	after bevacizumab combination treatment	complete_pair	Post	batch1	GBM	progression reoperation after bevacizumab-containing therapy	yes	bevacizumab + irinotecan; some patients also received cetuximab (patient-level add-on not deposited)	passed deposited count-matrix library QC; numeric per-sample RIN not deposited	include		GEO processed-count sample. Post denotes surgery at progression; no intermediate relapse therapy. Prior first-line regimen: RT/TMZ+TMZ; RNA extraction: 2/25/2014; library preparation: 7/10/2014.
GSM2100922	1306_A	1306	Responder	before bevacizumab combination treatment	complete_pair	Pre	batch2	GBM	initial GBM diagnosis (pretreatment archival sample)	yes	bevacizumab + irinotecan; some patients also received cetuximab (patient-level add-on not deposited)	passed deposited count-matrix library QC; numeric per-sample RIN not deposited	include		GEO processed-count sample. Post denotes surgery at progression; no intermediate relapse therapy. Prior first-line regimen: RT/TMZ+TMZ; RNA extraction: 2/25/2014; library preparation: 8/18/2014.
GSM2100923	1306_B	1306	Responder	after bevacizumab combination treatment	complete_pair	Post	batch2	GBM	progression reoperation after bevacizumab-containing therapy	yes	bevacizumab + irinotecan; some patients also received cetuximab (patient-level add-on not deposited)	passed deposited count-matrix library QC; numeric per-sample RIN not deposited	include		GEO processed-count sample. Post denotes surgery at progression; no intermediate relapse therapy. Prior first-line regimen: RT/TMZ+TMZ; RNA extraction: 2/25/2014; library preparation: 8/18/2014.
GSM2100924	1314_A	1314	NonResponder	before bevacizumab combination treatment	complete_pair	Pre	batch2	GBM	relapse surgery before bevacizumab-containing therapy	no	bevacizumab + irinotecan; some patients also received cetuximab (patient-level add-on not deposited)	passed deposited count-matrix library QC; numeric per-sample RIN not deposited	include		GEO processed-count sample. Post denotes surgery at progression; no intermediate relapse therapy. Prior first-line regimen: RT/TMZ+TMZ; RNA extraction: 2/25/2014; library preparation: 8/18/2014.
GSM2100925	1314_B	1314	NonResponder	after bevacizumab combination treatment	complete_pair	Post	batch2	GBM	progression reoperation after bevacizumab-containing therapy	no	bevacizumab + irinotecan; some patients also received cetuximab (patient-level add-on not deposited)	passed deposited count-matrix library QC; numeric per-sample RIN not deposited	include		GEO processed-count sample. Post denotes surgery at progression; no intermediate relapse therapy. Prior first-line regimen: RT/TMZ+TMZ; RNA extraction: 2/25/2014; library preparation: 8/18/2014.
GSM2100926	1326_A	1326	NonResponder	before bevacizumab combination treatment	unpaired_sample	Pre	batch2	GBM	initial GBM diagnosis (pretreatment archival sample)	yes	bevacizumab + irinotecan; some patients also received cetuximab (patient-level add-on not deposited)	passed deposited count-matrix library QC; numeric per-sample RIN not deposited	include		GEO processed-count sample. Post denotes surgery at progression; no intermediate relapse therapy. Prior first-line regimen: RT/TMZ+TMZ; RNA extraction: 2/25/2014; library preparation: 8/18/2014.
GSM2100927	22a_A	22a	NonResponder	before bevacizumab combination treatment	complete_pair	Pre	batch1	GBM	initial GBM diagnosis (pretreatment archival sample)	yes	bevacizumab + irinotecan; some patients also received cetuximab (patient-level add-on not deposited)	passed deposited count-matrix library QC; numeric per-sample RIN not deposited	include		GEO processed-count sample. Post denotes surgery at progression; no intermediate relapse therapy. Prior first-line regimen: RT/TMZ+TMZ; RNA extraction: 2/21/2014; library preparation: 7/10/2014.
GSM2100928	22a_B	22a	NonResponder	after bevacizumab combination treatment	complete_pair	Post	batch1	GBM	progression reoperation after bevacizumab-containing therapy	yes	bevacizumab + irinotecan; some patients also received cetuximab (patient-level add-on not deposited)	passed deposited count-matrix library QC; numeric per-sample RIN not deposited	include		GEO processed-count sample. Post denotes surgery at progression; no intermediate relapse therapy. Prior first-line regimen: RT/TMZ+TMZ; RNA extraction: 2/21/2014; library preparation: 7/10/2014.
GSM2100929	3002_A	3002	Responder	before bevacizumab combination treatment	complete_pair	Pre	batch3	GBM	initial GBM diagnosis (pretreatment archival sample)	yes	bevacizumab + irinotecan; some patients also received cetuximab (patient-level add-on not deposited)	passed deposited count-matrix library QC; numeric per-sample RIN not deposited	include		GEO processed-count sample. Post denotes surgery at progression; no intermediate relapse therapy. Prior first-line regimen: RT/TMZ+TMZ; RNA extraction: 8/18/2014; library preparation: 8/25/2014.
GSM2100930	3002_B	3002	Responder	after bevacizumab combination treatment	complete_pair	Post	batch3	GBM	progression reoperation after bevacizumab-containing therapy	yes	bevacizumab + irinotecan; some patients also received cetuximab (patient-level add-on not deposited)	passed deposited count-matrix library QC; numeric per-sample RIN not deposited	include		GEO processed-count sample. Post denotes surgery at progression; no intermediate relapse therapy. Prior first-line regimen: RT/TMZ+TMZ; RNA extraction: 8/18/2014; library preparation: 8/25/2014.
GSM2100931	3003_A	3003	NonResponder	before bevacizumab combination treatment	complete_pair	Pre	batch3	GBM	relapse surgery before bevacizumab-containing therapy	no	bevacizumab + irinotecan; some patients also received cetuximab (patient-level add-on not deposited)	passed deposited count-matrix library QC; numeric per-sample RIN not deposited	include		GEO processed-count sample. Post denotes surgery at progression; no intermediate relapse therapy. Prior first-line regimen: RT/TMZ+TMZ; RNA extraction: 8/18/2014; library preparation: 8/18/2014.
GSM2100932	3003_B	3003	NonResponder	after bevacizumab combination treatment	complete_pair	Post	batch3	GBM	progression reoperation after bevacizumab-containing therapy	no	bevacizumab + irinotecan; some patients also received cetuximab (patient-level add-on not deposited)	passed deposited count-matrix library QC; numeric per-sample RIN not deposited	include		GEO processed-count sample. Post denotes surgery at progression; no intermediate relapse therapy. Prior first-line regimen: RT/TMZ+TMZ; RNA extraction: 8/18/2014; library preparation: 8/18/2014.
GSM2100933	3004_A	3004	NonResponder	before bevacizumab combination treatment	complete_pair	Pre	batch3	GBM	relapse surgery before bevacizumab-containing therapy	no	bevacizumab + irinotecan; some patients also received cetuximab (patient-level add-on not deposited)	passed deposited count-matrix library QC; numeric per-sample RIN not deposited	include		GEO processed-count sample. Post denotes surgery at progression; no intermediate relapse therapy. Prior first-line regimen: RT/TMZ+TMZ; RNA extraction: 8/18/2014; library preparation: 8/18/2014.
GSM2100934	3004_B	3004	NonResponder	after bevacizumab combination treatment	complete_pair	Post	batch3	GBM	progression reoperation after bevacizumab-containing therapy	no	bevacizumab + irinotecan; some patients also received cetuximab (patient-level add-on not deposited)	passed deposited count-matrix library QC; numeric per-sample RIN not deposited	include		GEO processed-count sample. Post denotes surgery at progression; no intermediate relapse therapy. Prior first-line regimen: RT/TMZ+TMZ; RNA extraction: 8/18/2014; library preparation: 8/18/2014.
GSM2100935	3005_A	3005	NonResponder	before bevacizumab combination treatment	complete_pair	Pre	batch3	GBM	initial GBM diagnosis (pretreatment archival sample)	yes	bevacizumab + irinotecan; some patients also received cetuximab (patient-level add-on not deposited)	passed deposited count-matrix library QC; numeric per-sample RIN not deposited	include		GEO processed-count sample. Post denotes surgery at progression; no intermediate relapse therapy. Prior first-line regimen: RT/TMZ+TMZ; RNA extraction: 8/18/2014; library preparation: 8/25/2014.
GSM2100936	3005_B	3005	NonResponder	after bevacizumab combination treatment	complete_pair	Post	batch3	GBM	progression reoperation after bevacizumab-containing therapy	yes	bevacizumab + irinotecan; some patients also received cetuximab (patient-level add-on not deposited)	passed deposited count-matrix library QC; numeric per-sample RIN not deposited	include		GEO processed-count sample. Post denotes surgery at progression; no intermediate relapse therapy. Prior first-line regimen: RT/TMZ+TMZ; RNA extraction: 8/18/2014; library preparation: 8/25/2014.
GSM2100937	3010_A	3010	NonResponder	before bevacizumab combination treatment	unpaired_sample	Pre	batch3	GBM	initial GBM diagnosis (pretreatment archival sample)	yes	bevacizumab + irinotecan; some patients also received cetuximab (patient-level add-on not deposited)	passed deposited count-matrix library QC; numeric per-sample RIN not deposited	include		GEO processed-count sample. Post denotes surgery at progression; no intermediate relapse therapy. Prior first-line regimen: RT/TMZ+TMZ; RNA extraction: 8/18/2014; library preparation: 8/25/2014.
GSM2100938	3019_A	3019	Responder	before bevacizumab combination treatment	complete_pair	Pre	batch3	GBM	relapse surgery before bevacizumab-containing therapy	no	bevacizumab + irinotecan; some patients also received cetuximab (patient-level add-on not deposited)	passed deposited count-matrix library QC; numeric per-sample RIN not deposited	include		GEO processed-count sample. Post denotes surgery at progression; no intermediate relapse therapy. Prior first-line regimen: RT/TMZ+TMZ; RNA extraction: 8/18/2014; library preparation: 8/25/2014.
GSM2100939	3019_B	3019	Responder	after bevacizumab combination treatment	complete_pair	Post	batch3	GBM	progression reoperation after bevacizumab-containing therapy	no	bevacizumab + irinotecan; some patients also received cetuximab (patient-level add-on not deposited)	passed deposited count-matrix library QC; numeric per-sample RIN not deposited	include		GEO processed-count sample. Post denotes surgery at progression; no intermediate relapse therapy. Prior first-line regimen: RT/TMZ+TMZ; RNA extraction: 8/18/2014; library preparation: 8/25/2014.
GSM2100940	3020_A	3020	Responder	before bevacizumab combination treatment	complete_pair	Pre	batch3	GBM	initial GBM diagnosis (pretreatment archival sample)	yes	bevacizumab + irinotecan; some patients also received cetuximab (patient-level add-on not deposited)	passed deposited count-matrix library QC; numeric per-sample RIN not deposited	include		GEO processed-count sample. Post denotes surgery at progression; no intermediate relapse therapy. Prior first-line regimen: RT/TMZ+TMZ; RNA extraction: 8/18/2014; library preparation: 8/25/2014.
GSM2100941	3020_B	3020	Responder	after bevacizumab combination treatment	complete_pair	Post	batch3	GBM	progression reoperation after bevacizumab-containing therapy	yes	bevacizumab + irinotecan; some patients also received cetuximab (patient-level add-on not deposited)	passed deposited count-matrix library QC; numeric per-sample RIN not deposited	include		GEO processed-count sample. Post denotes surgery at progression; no intermediate relapse therapy. Prior first-line regimen: RT/TMZ+TMZ; RNA extraction: 8/18/2014; library preparation: 8/25/2014.
GSM2100942	3021_A	3021	Responder	before bevacizumab combination treatment	unpaired_sample	Pre	batch3	GBM	relapse surgery before bevacizumab-containing therapy	no	bevacizumab + irinotecan; some patients also received cetuximab (patient-level add-on not deposited)	passed deposited count-matrix library QC; numeric per-sample RIN not deposited	include		GEO processed-count sample. Post denotes surgery at progression; no intermediate relapse therapy. Prior first-line regimen: RT/TMZ+TMZ; RNA extraction: 8/18/2014; library preparation: 8/25/2014.
GSM2100943	32_A	32	NonResponder	before bevacizumab combination treatment	unpaired_sample	Pre	batch1	GBM	initial GBM diagnosis (pretreatment archival sample)	yes	bevacizumab + irinotecan; some patients also received cetuximab (patient-level add-on not deposited)	passed deposited count-matrix library QC; numeric per-sample RIN not deposited	include		GEO processed-count sample. Post denotes surgery at progression; no intermediate relapse therapy. Prior first-line regimen: RT/TMZ+TMZ; RNA extraction: 2/21/2014; library preparation: 7/10/2014.
GSM2100944	35_A	35	Responder	before bevacizumab combination treatment	complete_pair	Pre	batch1	GBM	relapse surgery before bevacizumab-containing therapy	no	bevacizumab + irinotecan; some patients also received cetuximab (patient-level add-on not deposited)	passed deposited count-matrix library QC; numeric per-sample RIN not deposited	include		GEO processed-count sample. Post denotes surgery at progression; no intermediate relapse therapy. Prior first-line regimen: RT/TMZ+TMZ; RNA extraction: 2/21/2014; library preparation: 7/10/2014.
GSM2100945	35_B	35	Responder	after bevacizumab combination treatment	complete_pair	Post	batch1	GBM	progression reoperation after bevacizumab-containing therapy	no	bevacizumab + irinotecan; some patients also received cetuximab (patient-level add-on not deposited)	passed deposited count-matrix library QC; numeric per-sample RIN not deposited	include		GEO processed-count sample. Post denotes surgery at progression; no intermediate relapse therapy. Prior first-line regimen: RT/TMZ+TMZ; RNA extraction: 2/21/2014; library preparation: 7/10/2014.
GSM2100946	2000_A	2000	NonResponder	before bevacizumab combination treatment	complete_pair	Pre	batch4	GBM	relapse surgery before bevacizumab-containing therapy	no	bevacizumab + irinotecan; some patients also received cetuximab (patient-level add-on not deposited)	passed deposited count-matrix library QC; numeric per-sample RIN not deposited	include		GEO processed-count sample. Post denotes surgery at progression; no intermediate relapse therapy. Prior first-line regimen: RT/TMZ+TMZ; RNA extraction: 2/25/2014; library preparation: 5/8/2014.
GSM2100947	2000_B	2000	NonResponder	after bevacizumab combination treatment	complete_pair	Post	batch4	GBM	progression reoperation after bevacizumab-containing therapy	no	bevacizumab + irinotecan; some patients also received cetuximab (patient-level add-on not deposited)	passed deposited count-matrix library QC; numeric per-sample RIN not deposited	include		GEO processed-count sample. Post denotes surgery at progression; no intermediate relapse therapy. Prior first-line regimen: RT/TMZ+TMZ; RNA extraction: 2/25/2014; library preparation: 5/8/2014.
GSM2100948	5a_A	5a	Responder	before bevacizumab combination treatment	complete_pair	Pre	batch4	GBM	relapse surgery before bevacizumab-containing therapy	no	bevacizumab + irinotecan; some patients also received cetuximab (patient-level add-on not deposited)	passed deposited count-matrix library QC; numeric per-sample RIN not deposited	include		GEO processed-count sample. Post denotes surgery at progression; no intermediate relapse therapy. Prior first-line regimen: RT/TMZ+TMZ; RNA extraction: 2/21/2014; library preparation: 5/8/2014.
GSM2100949	5a_B	5a	Responder	after bevacizumab combination treatment	complete_pair	Post	batch4	GBM	progression reoperation after bevacizumab-containing therapy	no	bevacizumab + irinotecan; some patients also received cetuximab (patient-level add-on not deposited)	passed deposited count-matrix library QC; numeric per-sample RIN not deposited	include		GEO processed-count sample. Post denotes surgery at progression; no intermediate relapse therapy. Prior first-line regimen: RT/TMZ+TMZ; RNA extraction: 2/21/2014; library preparation: 5/8/2014.
GSM2100950	63b_A	63b	NonResponder	before bevacizumab combination treatment	complete_pair	Pre	batch5	GBM	relapse surgery before bevacizumab-containing therapy	no	bevacizumab + irinotecan; some patients also received cetuximab (patient-level add-on not deposited)	passed deposited count-matrix library QC; numeric per-sample RIN not deposited	include		GEO processed-count sample. Post denotes surgery at progression; no intermediate relapse therapy. Prior first-line regimen: RT/TMZ+TMZ; RNA extraction: 2/21/2014; library preparation: 4/3/2014.
GSM2100951	63b_B	63b	NonResponder	after bevacizumab combination treatment	complete_pair	Post	batch5	GBM	progression reoperation after bevacizumab-containing therapy	no	bevacizumab + irinotecan; some patients also received cetuximab (patient-level add-on not deposited)	passed deposited count-matrix library QC; numeric per-sample RIN not deposited	include		GEO processed-count sample. Post denotes surgery at progression; no intermediate relapse therapy. Prior first-line regimen: RT/TMZ+TMZ; RNA extraction: 2/21/2014; library preparation: 4/3/2014.
