step	script	execution_mode	principal_input	principal_output	notes
01	scripts/01_discovery_preprocess.R	external_expression_data	VEGF_ANALYSIS_ROOT/data	processed discovery expression and QC	Builds gene-level discovery inputs within study
02	scripts/02_discovery_differential_expression.R	external_expression_data	processed discovery expression	discovery differential statistics	Within-dataset limma models
03	scripts/03_discovery_gsea.R	external_expression_data	discovery differential statistics	discovery Hallmark and Reactome enrichment	Explicit random seed
04	scripts/04_cross_context_architecture.R	external_expression_data	discovery enrichment	cross-context architecture results	Preserves nested contexts
05	scripts/05_validation_analysis.R	external_expression_data	validation GEO inputs and config	validation differential and enrichment results	Primary roles are config-driven
06	scripts/06_validation_GSE81465_sensitivity.R	external_expression_data	processed GSE81465 expression	leave-one-late-sample-out sensitivity	Supportive-only analysis
07	scripts/07_validation_role_summaries.R	external_expression_data	validation enrichment and config	final role-dependent validation summaries	Four primary contrasts from two datasets
08	scripts/08_human_longitudinal_GSE79671.R	external_expression_data	GSE79671 count matrix	paired human longitudinal results	Six responders and ten without objective response
09	scripts/09_human_baseline_GSE37138.R	external_expression_data	GSE37138 Series Matrix	baseline clinical associations	Supporting association only
10	scripts/10_additional_sensitivity_GSE249415.R	single_external_file	VEGF_GSE249415_INPUT	additional-sensitivity results	Not part of discovery or primary validation
11	scripts/11_render_publication_figures.R	standalone_bundled_data	data/figure_source_data	outputs/figures	Directly runnable from this archive
12	scripts/verify_release.py	standalone	checksums/SHA256SUMS.tsv	integrity status	Standard-library verification

