pathway	contrast_id	NES	dataset	drug	cancer_type	compartment	evidence_tier	same_experimental_system_id	contrast_display	pathway_display
HALLMARK_EPITHELIAL_MESENCHYMAL_TRANSITION	GSE76068_tumor_Escape_vs_Response	-1.78897892494677	GSE76068	sunitinib	renal cell carcinoma	tumor	Tier A	GSE76068_RCC_PDX_sunitinib	GSE76068 | Tumor | Escape vs response	Epithelial–mesenchymal transition
HALLMARK_INFLAMMATORY_RESPONSE	GSE76068_tumor_Escape_vs_Response	1.41338122271965	GSE76068	sunitinib	renal cell carcinoma	tumor	Tier A	GSE76068_RCC_PDX_sunitinib	GSE76068 | Tumor | Escape vs response	Inflammatory response
HALLMARK_INTERFERON_ALPHA_RESPONSE	GSE76068_tumor_Escape_vs_Response	3.51395923264095	GSE76068	sunitinib	renal cell carcinoma	tumor	Tier A	GSE76068_RCC_PDX_sunitinib	GSE76068 | Tumor | Escape vs response	Interferon-α response
HALLMARK_INTERFERON_GAMMA_RESPONSE	GSE76068_tumor_Escape_vs_Response	3.20876512268362	GSE76068	sunitinib	renal cell carcinoma	tumor	Tier A	GSE76068_RCC_PDX_sunitinib	GSE76068 | Tumor | Escape vs response	Interferon-γ response
HALLMARK_EPITHELIAL_MESENCHYMAL_TRANSITION	GSE76068_stroma_Escape_vs_Response	-1.986330121385	GSE76068	sunitinib	renal cell carcinoma	stroma	Tier A	GSE76068_RCC_PDX_sunitinib	GSE76068 | Stroma | Escape vs response	Epithelial–mesenchymal transition
HALLMARK_INFLAMMATORY_RESPONSE	GSE76068_stroma_Escape_vs_Response	-1.02878362400848	GSE76068	sunitinib	renal cell carcinoma	stroma	Tier A	GSE76068_RCC_PDX_sunitinib	GSE76068 | Stroma | Escape vs response	Inflammatory response
HALLMARK_INTERFERON_ALPHA_RESPONSE	GSE76068_stroma_Escape_vs_Response	-2.16398463514078	GSE76068	sunitinib	renal cell carcinoma	stroma	Tier A	GSE76068_RCC_PDX_sunitinib	GSE76068 | Stroma | Escape vs response	Interferon-α response
HALLMARK_INTERFERON_GAMMA_RESPONSE	GSE76068_stroma_Escape_vs_Response	-1.89043048807298	GSE76068	sunitinib	renal cell carcinoma	stroma	Tier A	GSE76068_RCC_PDX_sunitinib	GSE76068 | Stroma | Escape vs response	Interferon-γ response
HALLMARK_EPITHELIAL_MESENCHYMAL_TRANSITION	GSE73571_tumor_Resistant_vs_Sensitive	-2.05344668967669	GSE73571	sorafenib	hepatocellular carcinoma	tumor	Tier A	GSE73571_HCC_xenograft_sorafenib	GSE73571 | Tumor | Resistant vs sensitive	Epithelial–mesenchymal transition
HALLMARK_INFLAMMATORY_RESPONSE	GSE73571_tumor_Resistant_vs_Sensitive	-1.85033280174239	GSE73571	sorafenib	hepatocellular carcinoma	tumor	Tier A	GSE73571_HCC_xenograft_sorafenib	GSE73571 | Tumor | Resistant vs sensitive	Inflammatory response
HALLMARK_INTERFERON_ALPHA_RESPONSE	GSE73571_tumor_Resistant_vs_Sensitive	-2.37500863872376	GSE73571	sorafenib	hepatocellular carcinoma	tumor	Tier A	GSE73571_HCC_xenograft_sorafenib	GSE73571 | Tumor | Resistant vs sensitive	Interferon-α response
HALLMARK_INTERFERON_GAMMA_RESPONSE	GSE73571_tumor_Resistant_vs_Sensitive	-2.24952776771245	GSE73571	sorafenib	hepatocellular carcinoma	tumor	Tier A	GSE73571_HCC_xenograft_sorafenib	GSE73571 | Tumor | Resistant vs sensitive	Interferon-γ response
HALLMARK_EPITHELIAL_MESENCHYMAL_TRANSITION	GSE180687_endothelial_Resistant_vs_Sensitive	2.49043895179667	GSE180687	B20 anti-VEGF-A antibody	ovarian cancer	endothelial	Tier A	GSE180687_OVCA_xenograft_B20	GSE180687 | Endothelial | Resistant vs sensitive	Epithelial–mesenchymal transition
HALLMARK_INFLAMMATORY_RESPONSE	GSE180687_endothelial_Resistant_vs_Sensitive	2.55984493430237	GSE180687	B20 anti-VEGF-A antibody	ovarian cancer	endothelial	Tier A	GSE180687_OVCA_xenograft_B20	GSE180687 | Endothelial | Resistant vs sensitive	Inflammatory response
HALLMARK_INTERFERON_ALPHA_RESPONSE	GSE180687_endothelial_Resistant_vs_Sensitive	1.29588037688557	GSE180687	B20 anti-VEGF-A antibody	ovarian cancer	endothelial	Tier A	GSE180687_OVCA_xenograft_B20	GSE180687 | Endothelial | Resistant vs sensitive	Interferon-α response
HALLMARK_INTERFERON_GAMMA_RESPONSE	GSE180687_endothelial_Resistant_vs_Sensitive	2.16085266961703	GSE180687	B20 anti-VEGF-A antibody	ovarian cancer	endothelial	Tier A	GSE180687_OVCA_xenograft_B20	GSE180687 | Endothelial | Resistant vs sensitive	Interferon-γ response
HALLMARK_EPITHELIAL_MESENCHYMAL_TRANSITION	GSE64472_stroma_Cediranib_resistant_vs_sensitive	1.60875769600035	GSE64472	cediranib	non-small-cell lung cancer	stroma	Tier A	GSE64472_NSCLC_xenograft_stroma	GSE64472 | Stroma | Cediranib-R vs sensitive	Epithelial–mesenchymal transition
HALLMARK_INFLAMMATORY_RESPONSE	GSE64472_stroma_Cediranib_resistant_vs_sensitive	1.39455106480782	GSE64472	cediranib	non-small-cell lung cancer	stroma	Tier A	GSE64472_NSCLC_xenograft_stroma	GSE64472 | Stroma | Cediranib-R vs sensitive	Inflammatory response
HALLMARK_INTERFERON_ALPHA_RESPONSE	GSE64472_stroma_Cediranib_resistant_vs_sensitive	1.32328941839587	GSE64472	cediranib	non-small-cell lung cancer	stroma	Tier A	GSE64472_NSCLC_xenograft_stroma	GSE64472 | Stroma | Cediranib-R vs sensitive	Interferon-α response
HALLMARK_INTERFERON_GAMMA_RESPONSE	GSE64472_stroma_Cediranib_resistant_vs_sensitive	1.79142084051883	GSE64472	cediranib	non-small-cell lung cancer	stroma	Tier A	GSE64472_NSCLC_xenograft_stroma	GSE64472 | Stroma | Cediranib-R vs sensitive	Interferon-γ response
HALLMARK_EPITHELIAL_MESENCHYMAL_TRANSITION	GSE64472_stroma_Vandetanib_resistant_vs_sensitive	1.36334891419325	GSE64472	vandetanib	non-small-cell lung cancer	stroma	Tier A	GSE64472_NSCLC_xenograft_stroma	GSE64472 | Stroma | Vandetanib-R vs sensitive	Epithelial–mesenchymal transition
HALLMARK_INFLAMMATORY_RESPONSE	GSE64472_stroma_Vandetanib_resistant_vs_sensitive	1.95291610645315	GSE64472	vandetanib	non-small-cell lung cancer	stroma	Tier A	GSE64472_NSCLC_xenograft_stroma	GSE64472 | Stroma | Vandetanib-R vs sensitive	Inflammatory response
HALLMARK_INTERFERON_ALPHA_RESPONSE	GSE64472_stroma_Vandetanib_resistant_vs_sensitive	2.65187784020607	GSE64472	vandetanib	non-small-cell lung cancer	stroma	Tier A	GSE64472_NSCLC_xenograft_stroma	GSE64472 | Stroma | Vandetanib-R vs sensitive	Interferon-α response
HALLMARK_INTERFERON_GAMMA_RESPONSE	GSE64472_stroma_Vandetanib_resistant_vs_sensitive	2.99971519357625	GSE64472	vandetanib	non-small-cell lung cancer	stroma	Tier A	GSE64472_NSCLC_xenograft_stroma	GSE64472 | Stroma | Vandetanib-R vs sensitive	Interferon-γ response
HALLMARK_EPITHELIAL_MESENCHYMAL_TRANSITION	GSE26644_tumor_Bevacizumab_resistant_vs_vehicle	1.85493253218575	GSE26644	bevacizumab	non-small-cell lung cancer	tumor	Tier B	GSE26644_NSCLC_xenograft_bevacizumab	GSE26644 | Tumor | Bevacizumab-R vs vehicle	Epithelial–mesenchymal transition
HALLMARK_INFLAMMATORY_RESPONSE	GSE26644_tumor_Bevacizumab_resistant_vs_vehicle	-1.50582934433404	GSE26644	bevacizumab	non-small-cell lung cancer	tumor	Tier B	GSE26644_NSCLC_xenograft_bevacizumab	GSE26644 | Tumor | Bevacizumab-R vs vehicle	Inflammatory response
HALLMARK_INTERFERON_ALPHA_RESPONSE	GSE26644_tumor_Bevacizumab_resistant_vs_vehicle	-2.81804771829387	GSE26644	bevacizumab	non-small-cell lung cancer	tumor	Tier B	GSE26644_NSCLC_xenograft_bevacizumab	GSE26644 | Tumor | Bevacizumab-R vs vehicle	Interferon-α response
HALLMARK_INTERFERON_GAMMA_RESPONSE	GSE26644_tumor_Bevacizumab_resistant_vs_vehicle	-2.53559201791441	GSE26644	bevacizumab	non-small-cell lung cancer	tumor	Tier B	GSE26644_NSCLC_xenograft_bevacizumab	GSE26644 | Tumor | Bevacizumab-R vs vehicle	Interferon-γ response
HALLMARK_EPITHELIAL_MESENCHYMAL_TRANSITION	GSE26644_stroma_Bevacizumab_resistant_vs_vehicle	-2.34139703902654	GSE26644	bevacizumab	non-small-cell lung cancer	stroma	Tier B	GSE26644_NSCLC_xenograft_bevacizumab	GSE26644 | Stroma | Bevacizumab-R vs vehicle	Epithelial–mesenchymal transition
HALLMARK_INFLAMMATORY_RESPONSE	GSE26644_stroma_Bevacizumab_resistant_vs_vehicle	-2.17876669522854	GSE26644	bevacizumab	non-small-cell lung cancer	stroma	Tier B	GSE26644_NSCLC_xenograft_bevacizumab	GSE26644 | Stroma | Bevacizumab-R vs vehicle	Inflammatory response
HALLMARK_INTERFERON_ALPHA_RESPONSE	GSE26644_stroma_Bevacizumab_resistant_vs_vehicle	-2.40879025233724	GSE26644	bevacizumab	non-small-cell lung cancer	stroma	Tier B	GSE26644_NSCLC_xenograft_bevacizumab	GSE26644 | Stroma | Bevacizumab-R vs vehicle	Interferon-α response
HALLMARK_INTERFERON_GAMMA_RESPONSE	GSE26644_stroma_Bevacizumab_resistant_vs_vehicle	-2.78912697143472	GSE26644	bevacizumab	non-small-cell lung cancer	stroma	Tier B	GSE26644_NSCLC_xenograft_bevacizumab	GSE26644 | Stroma | Bevacizumab-R vs vehicle	Interferon-γ response
