dataset	cancer_type	treatment	model	compartment	analysis_role	evidence_tier	independence_group	major_limitation
GSE151165	colorectal cancer liver metastasis	none; histopathologic growth-pattern reference	patient bulk RNA-seq	tumor with mixed microenvironment	legacy	Layer 0	GSE151165_CRC_LM_VCO	Bulk composition; cancer and treatment context distant from resistance models
GSE76068	clear-cell renal cell carcinoma	sunitinib	PDX serial treatment	separate tumor and stroma	Discovery	Layer 1 Tier A	GSE76068_RCC_PDX_sunitinib	Tumor and stroma are nested in one experiment; technical replicate resolution required
GSE73571	hepatocellular carcinoma	sorafenib	xenograft	umor	Discovery	Layer 1 Tier A	GSE73571_HCC_xenograft_sorafenib	Small cohort; xenograft model
GSE180687	ovarian cancer	B20 anti-VEGF-A antibody	xenograft-derived tumor endothelial cells	endothelial	Discovery	Layer 1 Tier A with caution	GSE180687_OVCA_xenograft_B20	One sample influences pathway magnitudes; cell-isolation/model specificity
GSE64472	non-small-cell lung cancer	cediranib and vandetanib	xenograft	mouse stroma retained; human tumor excluded	legacy; Discovery	Layer 0 and Layer 1 Tier A	GSE64472_NSCLC_xenograft_stroma	Human arrays have scanner-level signal failure; vandetanib resistant n=2; two contrasts nested
GSE26644	non-small-cell lung cancer	bevacizumab	xenograft	separate tumor and stroma	legacy; Discovery	Layer 0 and Layer 1 Tier B	GSE26644_NSCLC_xenograft_bevacizumab	Resistance confounded with exposure, time and tumor size; tumor/stroma nested
GSE81465	glioblastoma	bevacizumab	U87-derived serial generational xenograft	tumor	validation-supportive	Layer 2 supportive-only	GSE81465_U87_bevacizumab_generational	Replicate independence unresolved; array-level serial-state direction only
GSE64052	renal cell carcinoma	sorafenib or sunitinib	786-O and A498 xenografts	tumor	validation	Layer 2 Tier B	GSE64052_RCC_xenograft_family	Three nested contexts from one dataset; exposure/time/tumor-size confounding
GSE86525	colorectal cancer	bevacizumab	HT-29 subcutaneous xenograft	tumor	validation	Layer 2 Tier B	GSE86525_HT29_bevacizumab	Small cohort; endpoint times vary; treated versus untreated
GSE45161	glioblastoma	bevacizumab	NSC11 and U87 orthotopic xenograft derivatives	tumor	validation-supportive	Layer 2 supportive-only	GSE45161_GBM_derivatives	No inferential replication in resistant derivative arms; severe U87 Avastin outlier
GSE79671	recurrent glioblastoma	bevacizumab plus irinotecan; some patients also received cetuximab	patient FFPE bulk RNA-seq	tumor with microenvironment	human-longitudinal	Layer 3 Level 1-2	GSE79671_GBM_bevacizumab_containing	Small responder n; combination therapy; batch aliased with patient; bulk FFPE
GSE37138	advanced non-squamous non-small-cell lung cancer	bevacizumab plus erlotinib	patient baseline bronchoscopic biopsy	tumor with microenvironment	baseline-association	Layer 3 Level 3	GSE37138_NSCLC_bevacizumab_erlotinib	Baseline-only; single arm; combination therapy; primary endpoint missing for 14 patients
GSE249415	ovarian cancer	B20 anti-VEGF-A antibody	SKOV3ip1 xenograft	bulk tumor	validation	Layer 2 Tier B	GSE249415_B20_adaptive_resistance	IgG comparator; treatment and elapsed-time effects may contribute
GSE121153	hepatocellular carcinoma	sorafenib	Huh7 xenograft	bulk tumor	validation	Layer 2 Tier A with caution	GSE121153_HCC_xenograft	No linked publication; parental exposure matching requires caution
GSE84048	breast cancer	sunitinib	4T1 tumor	bulk tumor / endothelium	validation	Layer 2 Tier A	GSE84048_4T1_resistant_sensitive	Two nested compartments from one dataset
GSE207976	colorectal liver metastasis	bevacizumab	CRCLM xenograft	liver sinusoidal endothelium	validation	Layer 2 Tier A with caution	GSE207976_CRCLM_LSEC	GEO overall-design inconsistency; grouping independently verified
GSE328515	hepatocellular carcinoma	lenvatinib	H22 syngeneic tumor	bulk tumor	validation	Layer 2 Tier A with caution	GSE328515_H22_lenvatinib	No linked publication
GSE78698	breast cancer	nintedanib	Py2T tumor	tumor cells / endothelium	validation	Layer 2 Tier A with caution	GSE78698_Py2T_nintedanib	Long-versus-short exposure; two nested compartments
