subject_id	responder_status	batch	program	pre_score	post_score	delta
102b	NonResponder	batch1	MTORC1	0.225178380218286	0.242663672459711	0.0174852922414258
119b	NonResponder	batch1	MTORC1	0.192952162653611	0.199308194874261	0.00635603222064957
1305	NonResponder	batch1	MTORC1	0.241629450911153	0.25133471955819	0.0097052686470365
1306	Responder	batch2	MTORC1	0.215924130940389	0.19796675723368	-0.0179573737067086
1314	NonResponder	batch2	MTORC1	0.185725321699309	0.234881591074319	0.0491562693750101
22a	NonResponder	batch1	MTORC1	0.184808152144836	0.178256145592829	-0.00655200655200652
3002	Responder	batch3	MTORC1	0.219120727693001	0.218144850571691	-0.000975877121310087
3003	NonResponder	batch3	MTORC1	0.25734976370507	0.268759609581366	0.0114098458762958
3004	NonResponder	batch3	MTORC1	0.136352136943328	0.280707144141965	0.144355007198637
3005	NonResponder	batch3	MTORC1	0.18537041327464	0.148238300913441	-0.0371321123611991
3019	Responder	batch3	MTORC1	0.24665021886423	0.227386026824395	-0.0192641920398349
3020	Responder	batch3	MTORC1	0.199672302835176	0.231823350504994	0.032151047669818
35	Responder	batch1	MTORC1	0.239998954157985	0.209423327070386	-0.0305756270875987
2000	NonResponder	batch4	MTORC1	0.252296676328601	0.249202484939996	-0.0030941913886047
5a	Responder	batch4	MTORC1	0.185033661829405	0.226303991896661	0.041270330067256
63b	NonResponder	batch5	MTORC1	0.240641227043828	0.231814514108336	-0.00882671293549209
102b	NonResponder	batch1	UPR	0.220287992346816	0.221650269444387	0.00136227709757128
119b	NonResponder	batch1	UPR	0.221403364785718	0.179617547264606	-0.0417858175211118
1305	NonResponder	batch1	UPR	0.248426520485344	0.240580200139024	-0.00784632034632024
1306	Responder	batch2	UPR	0.221699736405619	0.199114842497195	-0.0225848939084234
1314	NonResponder	batch2	UPR	0.19987985980633	0.255705691367456	0.0558258315611257
22a	NonResponder	batch1	UPR	0.158325246560541	0.191723188046717	0.0333979414861768
3002	Responder	batch3	UPR	0.241860964287435	0.227181105857576	-0.0146798584298583
3003	NonResponder	batch3	UPR	0.272014088190559	0.285144125217655	0.0131300370270956
3004	NonResponder	batch3	UPR	0.137889584580761	0.265782971665325	0.127893387084564
3005	NonResponder	batch3	UPR	0.210974869063105	0.102170137096608	-0.108804731966497
3019	Responder	batch3	UPR	0.245226868388633	0.249440593190593	0.00421372480196003
3020	Responder	batch3	UPR	0.219172404834169	0.218276192540899	-0.000896212293270887
35	Responder	batch1	UPR	0.256567276787865	0.205498876454759	-0.0510684003331064
2000	NonResponder	batch4	UPR	0.258498208865856	0.254543432852256	-0.00395477601359973
5a	Responder	batch4	UPR	0.212849881967529	0.232970030764148	0.0201201487966194
63b	NonResponder	batch5	UPR	0.267255151446328	0.227729113758526	-0.0395260376878023
102b	NonResponder	batch1	IFNG	0.0608485490838432	0.0553070141305435	-0.00554153495329969
119b	NonResponder	batch1	IFNG	0.0325060560354678	0.0277329983212336	-0.00477305771423416
1305	NonResponder	batch1	IFNG	0.125785925785926	0.129991365285483	0.00420543949955721
1306	Responder	batch2	IFNG	0.132862068156186	0.0541491717962307	-0.0787128963599552
1314	NonResponder	batch2	IFNG	0.174531915708386	0.138381861911274	-0.0361500537971126
22a	NonResponder	batch1	IFNG	0.108465355524179	0.125710819828467	0.0172454643042878
3002	Responder	batch3	IFNG	0.162801056918704	0.092536345477522	-0.0702647114411821
3003	NonResponder	batch3	IFNG	0.232340897046779	0.24960624960625	0.0172653525594703
3004	NonResponder	batch3	IFNG	0.0574328339034221	0.106976206976207	0.0495433730727849
3005	NonResponder	batch3	IFNG	0.092664816194228	0.121945763122234	0.0292809469280057
3019	Responder	batch3	IFNG	0.161817761817762	0.0362555480202539	-0.125562213797508
3020	Responder	batch3	IFNG	0.0979768332709509	0.15206041088394	0.0540835776129895
35	Responder	batch1	IFNG	0.195972195972196	0.0847298964946024	-0.111242299477594
2000	NonResponder	batch4	IFNG	0.233225862637627	0.144407138524786	-0.088818724112842
5a	Responder	batch4	IFNG	0.0560379383908796	0.0348211230564172	-0.0212168153344624
63b	NonResponder	batch5	IFNG	0.125561719679367	0.119200442729854	-0.00636127694951225
102b	NonResponder	batch1	IFNA	0.081577650511474	0.0599250654397713	-0.0216525850717027
119b	NonResponder	batch1	IFNA	0.0385479898347545	0.0191689851616322	-0.0193790046731223
1305	NonResponder	batch1	IFNA	0.155671630855454	0.180248179329062	0.0245765484736072
1306	Responder	batch2	IFNA	0.156127049509403	0.0802982126511538	-0.0758288368582487
1314	NonResponder	batch2	IFNA	0.205777970483853	0.151110920412391	-0.0546670500714618
22a	NonResponder	batch1	IFNA	0.138748374042492	0.155923302982127	0.0171749289396349
3002	Responder	batch3	IFNA	0.161840734451029	0.0897332827479886	-0.07210745170304
3003	NonResponder	batch3	IFNA	0.26122989634019	0.273733961233961	0.0125040648937707
3004	NonResponder	batch3	IFNA	0.0684041327423681	0.120296767355591	0.0518926346132228
3005	NonResponder	batch3	IFNA	0.133760598834128	0.141882607875255	0.00812200904112675
3019	Responder	batch3	IFNA	0.187608146247852	0.04558326709062	-0.142024879157232
3020	Responder	batch3	IFNA	0.111139464999759	0.169657625539979	0.0585181605402194
35	Responder	batch1	IFNA	0.240025202341379	0.123523841354724	-0.116501360986655
2000	NonResponder	batch4	IFNA	0.272113022113022	0.168975626696215	-0.103137395416807
5a	Responder	batch4	IFNA	0.0856756656389009	0.0738776878482761	-0.0117979777906249
63b	NonResponder	batch5	IFNA	0.142592960607666	0.139285090571855	-0.00330787003581115
102b	NonResponder	batch1	EMT	0.192378815373468	0.18487130786596	-0.00750750750750756
119b	NonResponder	batch1	EMT	0.159483377397816	0.147417227631131	-0.0120661497666846
1305	NonResponder	batch1	EMT	0.245339530098888	0.219959507392663	-0.0253800227062258
1306	Responder	batch2	EMT	0.210242936178765	0.152200085355166	-0.0580428508235993
1314	NonResponder	batch2	EMT	0.237360719981041	0.32933042425021	0.0919697042691693
22a	NonResponder	batch1	EMT	0.194026792957274	0.147752881710101	-0.0462739112471734
3002	Responder	batch3	EMT	0.229681674868841	0.226591321511108	-0.00309035335773319
3003	NonResponder	batch3	EMT	0.317798717531338	0.329470939096608	0.0116722215652698
3004	NonResponder	batch3	EMT	0.116988889716162	0.198678868464965	0.0816899787488025
3005	NonResponder	batch3	EMT	0.205729428991461	0.186933652174294	-0.0187957768171675
3019	Responder	batch3	EMT	0.267105340634752	0.206697825681783	-0.0604075149529696
3020	Responder	batch3	EMT	0.286476559203832	0.284273213417598	-0.00220334578623355
35	Responder	batch1	EMT	0.258385512396208	0.140209120155644	-0.118176392240564
2000	NonResponder	batch4	EMT	0.294142708581211	0.229526804393115	-0.0646159041880967
5a	Responder	batch4	EMT	0.158559385832113	0.114641257689386	-0.0439181281427271
63b	NonResponder	batch5	EMT	0.249977736608753	0.206614855010577	-0.0433628815981758
102b	NonResponder	batch1	INFLAMMATORY_RESPONSE	0.00740124059451792	0.0106012921138972	0.00320005151937925
119b	NonResponder	batch1	INFLAMMATORY_RESPONSE	-0.0150878533231475	0.00298915635050089	0.0180770096736484
1305	NonResponder	batch1	INFLAMMATORY_RESPONSE	0.0784188368221982	0.0406780648377287	-0.0377407719844695
1306	Responder	batch2	INFLAMMATORY_RESPONSE	0.0614184248638031	-0.00858377749134051	-0.0700022023551436
1314	NonResponder	batch2	INFLAMMATORY_RESPONSE	0.106042294067504	0.0799575358398888	-0.0260847582276154
22a	NonResponder	batch1	INFLAMMATORY_RESPONSE	0.0297787419636159	0.0344722655647026	0.00469352360108664
3002	Responder	batch3	INFLAMMATORY_RESPONSE	0.121004175626024	0.0615069123472485	-0.0594972632787759
3003	NonResponder	batch3	INFLAMMATORY_RESPONSE	0.135025140277241	0.161752784651944	0.0267276443747033
3004	NonResponder	batch3	INFLAMMATORY_RESPONSE	0.0235133365385466	0.0491020732617371	0.0255887367231905
3005	NonResponder	batch3	INFLAMMATORY_RESPONSE	0.0383493692317221	0.0610798373403416	0.0227304681086195
3019	Responder	batch3	INFLAMMATORY_RESPONSE	0.08301526999006	-0.00476173270290915	-0.0877770026929691
3020	Responder	batch3	INFLAMMATORY_RESPONSE	0.0751327558050247	0.0820656272336945	0.00693287142866979
35	Responder	batch1	INFLAMMATORY_RESPONSE	0.0937588794731652	0.00461757184446261	-0.0891413076287026
2000	NonResponder	batch4	INFLAMMATORY_RESPONSE	0.129999297016104	0.0673163614340085	-0.0626829355820952
5a	Responder	batch4	INFLAMMATORY_RESPONSE	0.0032308992393026	-0.027467866753581	-0.0306987659928836
63b	NonResponder	batch5	INFLAMMATORY_RESPONSE	0.0668615111892423	0.0455296369161915	-0.0213318742730507
