sample_title	program	score	GSM	subject_id	responder_status	before_after	paired_status	batch
102b_A	EMT	0.192378815373468	GSM2100916	102b	NonResponder	Pre	complete_pair	batch1
102b_B	EMT	0.18487130786596	GSM2100917	102b	NonResponder	Post	complete_pair	batch1
119b_A	EMT	0.159483377397816	GSM2100918	119b	NonResponder	Pre	complete_pair	batch1
119b_B	EMT	0.147417227631131	GSM2100919	119b	NonResponder	Post	complete_pair	batch1
1305_A	EMT	0.245339530098888	GSM2100920	1305	NonResponder	Pre	complete_pair	batch1
1305_B	EMT	0.219959507392663	GSM2100921	1305	NonResponder	Post	complete_pair	batch1
1306_A	EMT	0.210242936178765	GSM2100922	1306	Responder	Pre	complete_pair	batch2
1306_B	EMT	0.152200085355166	GSM2100923	1306	Responder	Post	complete_pair	batch2
1314_A	EMT	0.237360719981041	GSM2100924	1314	NonResponder	Pre	complete_pair	batch2
1314_B	EMT	0.32933042425021	GSM2100925	1314	NonResponder	Post	complete_pair	batch2
22a_A	EMT	0.194026792957274	GSM2100927	22a	NonResponder	Pre	complete_pair	batch1
22a_B	EMT	0.147752881710101	GSM2100928	22a	NonResponder	Post	complete_pair	batch1
3002_A	EMT	0.229681674868841	GSM2100929	3002	Responder	Pre	complete_pair	batch3
3002_B	EMT	0.226591321511108	GSM2100930	3002	Responder	Post	complete_pair	batch3
3003_A	EMT	0.317798717531338	GSM2100931	3003	NonResponder	Pre	complete_pair	batch3
3003_B	EMT	0.329470939096608	GSM2100932	3003	NonResponder	Post	complete_pair	batch3
3004_A	EMT	0.116988889716162	GSM2100933	3004	NonResponder	Pre	complete_pair	batch3
3004_B	EMT	0.198678868464965	GSM2100934	3004	NonResponder	Post	complete_pair	batch3
3005_A	EMT	0.205729428991461	GSM2100935	3005	NonResponder	Pre	complete_pair	batch3
3005_B	EMT	0.186933652174294	GSM2100936	3005	NonResponder	Post	complete_pair	batch3
3019_A	EMT	0.267105340634752	GSM2100938	3019	Responder	Pre	complete_pair	batch3
3019_B	EMT	0.206697825681783	GSM2100939	3019	Responder	Post	complete_pair	batch3
3020_A	EMT	0.286476559203832	GSM2100940	3020	Responder	Pre	complete_pair	batch3
3020_B	EMT	0.284273213417598	GSM2100941	3020	Responder	Post	complete_pair	batch3
35_A	EMT	0.258385512396208	GSM2100944	35	Responder	Pre	complete_pair	batch1
35_B	EMT	0.140209120155644	GSM2100945	35	Responder	Post	complete_pair	batch1
2000_A	EMT	0.294142708581211	GSM2100946	2000	NonResponder	Pre	complete_pair	batch4
2000_B	EMT	0.229526804393115	GSM2100947	2000	NonResponder	Post	complete_pair	batch4
5a_A	EMT	0.158559385832113	GSM2100948	5a	Responder	Pre	complete_pair	batch4
5a_B	EMT	0.114641257689386	GSM2100949	5a	Responder	Post	complete_pair	batch4
63b_A	EMT	0.249977736608753	GSM2100950	63b	NonResponder	Pre	complete_pair	batch5
63b_B	EMT	0.206614855010577	GSM2100951	63b	NonResponder	Post	complete_pair	batch5
