GSM	program	program_score	patient_id	sample_title	age	gender	stage	smoking_status	tissue	treatment_at_sampling	treatment_naive_status	subsequent_regimen	disease_control_week12	disease_control_label	tumor_shrinkage_week12_pct	objective_response	EGFR_status	KRAS_status	platform	batch	duplicate_patient_or_sample	include_exclude	exclusion_reason	notes
GSM911967	MTORC1	0.212827535818661	2	SAKK 19/05, biopsy, patient 002	69	M	IV	smoker	lung biopsy	baseline	treatment-naive baseline	bevacizumab + erlotinib	0	DCR_failure	65	not deposited at patient level	NA	NA	GPL5188	not deposited	no	include	NA	Whole bronchoscopic baseline biopsy; clinical variables linked by UPN/patient ID from original publication Table 1.
GSM911967	UPR	0.250746872628569	2	SAKK 19/05, biopsy, patient 002	69	M	IV	smoker	lung biopsy	baseline	treatment-naive baseline	bevacizumab + erlotinib	0	DCR_failure	65	not deposited at patient level	NA	NA	GPL5188	not deposited	no	include	NA	Whole bronchoscopic baseline biopsy; clinical variables linked by UPN/patient ID from original publication Table 1.
GSM911968	MTORC1	0.225851450566683	23	SAKK 19/05, biopsy, patient 023	53	F	IV	smoker	lung biopsy	baseline	treatment-naive baseline	bevacizumab + erlotinib	0	DCR_failure	17	not deposited at patient level	no	no	GPL5188	not deposited	no	include	NA	Whole bronchoscopic baseline biopsy; clinical variables linked by UPN/patient ID from original publication Table 1.
GSM911968	UPR	0.272866981606369	23	SAKK 19/05, biopsy, patient 023	53	F	IV	smoker	lung biopsy	baseline	treatment-naive baseline	bevacizumab + erlotinib	0	DCR_failure	17	not deposited at patient level	no	no	GPL5188	not deposited	no	include	NA	Whole bronchoscopic baseline biopsy; clinical variables linked by UPN/patient ID from original publication Table 1.
GSM911969	MTORC1	0.280863746525055	38	SAKK 19/05, biopsy, patient 038	58	F	IV	never smoker	lung biopsy	baseline	treatment-naive baseline	bevacizumab + erlotinib	0	DCR_failure	NA	not deposited at patient level	NA	NA	GPL5188	not deposited	no	include	NA	Whole bronchoscopic baseline biopsy; clinical variables linked by UPN/patient ID from original publication Table 1.
GSM911969	UPR	0.305754294044511	38	SAKK 19/05, biopsy, patient 038	58	F	IV	never smoker	lung biopsy	baseline	treatment-naive baseline	bevacizumab + erlotinib	0	DCR_failure	NA	not deposited at patient level	NA	NA	GPL5188	not deposited	no	include	NA	Whole bronchoscopic baseline biopsy; clinical variables linked by UPN/patient ID from original publication Table 1.
GSM911970	MTORC1	0.261461971630195	49	SAKK 19/05, biopsy, patient 049	56	M	IV	smoker	lung biopsy	baseline	treatment-naive baseline	bevacizumab + erlotinib	1	DCR_success	-15	not deposited at patient level	no	no	GPL5188	not deposited	no	include	NA	Whole bronchoscopic baseline biopsy; clinical variables linked by UPN/patient ID from original publication Table 1.
GSM911970	UPR	0.301026729082678	49	SAKK 19/05, biopsy, patient 049	56	M	IV	smoker	lung biopsy	baseline	treatment-naive baseline	bevacizumab + erlotinib	1	DCR_success	-15	not deposited at patient level	no	no	GPL5188	not deposited	no	include	NA	Whole bronchoscopic baseline biopsy; clinical variables linked by UPN/patient ID from original publication Table 1.
GSM911971	UPR	0.301277473905191	51	SAKK 19/05, biopsy, patient 051	70	F	IIIB	never smoker	lung biopsy	baseline	treatment-naive baseline	bevacizumab + erlotinib	0	DCR_failure	18	not deposited at patient level	no	no	GPL5188	not deposited	no	include	NA	Whole bronchoscopic baseline biopsy; clinical variables linked by UPN/patient ID from original publication Table 1.
GSM911971	MTORC1	0.256528441086321	51	SAKK 19/05, biopsy, patient 051	70	F	IIIB	never smoker	lung biopsy	baseline	treatment-naive baseline	bevacizumab + erlotinib	0	DCR_failure	18	not deposited at patient level	no	no	GPL5188	not deposited	no	include	NA	Whole bronchoscopic baseline biopsy; clinical variables linked by UPN/patient ID from original publication Table 1.
GSM911972	UPR	0.295059317709145	55	SAKK 19/05, biopsy, patient 055	55	F	IV	smoker	lung biopsy	baseline	treatment-naive baseline	bevacizumab + erlotinib	0	DCR_failure	NA	not deposited at patient level	no	no	GPL5188	not deposited	no	include	NA	Whole bronchoscopic baseline biopsy; clinical variables linked by UPN/patient ID from original publication Table 1.
GSM911972	MTORC1	0.237966177204362	55	SAKK 19/05, biopsy, patient 055	55	F	IV	smoker	lung biopsy	baseline	treatment-naive baseline	bevacizumab + erlotinib	0	DCR_failure	NA	not deposited at patient level	no	no	GPL5188	not deposited	no	include	NA	Whole bronchoscopic baseline biopsy; clinical variables linked by UPN/patient ID from original publication Table 1.
GSM911973	MTORC1	0.220943581153325	56	SAKK 19/05, biopsy, patient 056	61	F	IV	never smoker	lung biopsy	baseline	treatment-naive baseline	bevacizumab + erlotinib	1	DCR_success	23	not deposited at patient level	NA	NA	GPL5188	not deposited	no	include	NA	Whole bronchoscopic baseline biopsy; clinical variables linked by UPN/patient ID from original publication Table 1.
GSM911973	UPR	0.280574782829752	56	SAKK 19/05, biopsy, patient 056	61	F	IV	never smoker	lung biopsy	baseline	treatment-naive baseline	bevacizumab + erlotinib	1	DCR_success	23	not deposited at patient level	NA	NA	GPL5188	not deposited	no	include	NA	Whole bronchoscopic baseline biopsy; clinical variables linked by UPN/patient ID from original publication Table 1.
GSM911974	MTORC1	0.289926046047473	57	SAKK 19/05, biopsy, patient 057	66	F	IV	smoker	lung biopsy	baseline	treatment-naive baseline	bevacizumab + erlotinib	0	DCR_failure	NA	not deposited at patient level	no	no	GPL5188	not deposited	no	include	NA	Whole bronchoscopic baseline biopsy; clinical variables linked by UPN/patient ID from original publication Table 1.
GSM911974	UPR	0.310427609812039	57	SAKK 19/05, biopsy, patient 057	66	F	IV	smoker	lung biopsy	baseline	treatment-naive baseline	bevacizumab + erlotinib	0	DCR_failure	NA	not deposited at patient level	no	no	GPL5188	not deposited	no	include	NA	Whole bronchoscopic baseline biopsy; clinical variables linked by UPN/patient ID from original publication Table 1.
GSM911975	UPR	0.300650138745469	58	SAKK 19/05, biopsy, patient 058	46	F	IV	smoker	lung biopsy	baseline	treatment-naive baseline	bevacizumab + erlotinib	0	DCR_failure	NA	not deposited at patient level	no	G12D	GPL5188	not deposited	no	include	NA	Whole bronchoscopic baseline biopsy; clinical variables linked by UPN/patient ID from original publication Table 1.
GSM911975	MTORC1	0.234730023522703	58	SAKK 19/05, biopsy, patient 058	46	F	IV	smoker	lung biopsy	baseline	treatment-naive baseline	bevacizumab + erlotinib	0	DCR_failure	NA	not deposited at patient level	no	G12D	GPL5188	not deposited	no	include	NA	Whole bronchoscopic baseline biopsy; clinical variables linked by UPN/patient ID from original publication Table 1.
GSM911976	UPR	0.274645535133608	60	SAKK 19/05, biopsy, patient 060	64	F	IV	never smoker	lung biopsy	baseline	treatment-naive baseline	bevacizumab + erlotinib	1	DCR_success	53	not deposited at patient level	no	G12D	GPL5188	not deposited	no	include	NA	Whole bronchoscopic baseline biopsy; clinical variables linked by UPN/patient ID from original publication Table 1.
GSM911976	MTORC1	0.21241980896714	60	SAKK 19/05, biopsy, patient 060	64	F	IV	never smoker	lung biopsy	baseline	treatment-naive baseline	bevacizumab + erlotinib	1	DCR_success	53	not deposited at patient level	no	G12D	GPL5188	not deposited	no	include	NA	Whole bronchoscopic baseline biopsy; clinical variables linked by UPN/patient ID from original publication Table 1.
GSM911977	UPR	0.321539863380343	61	SAKK 19/05, biopsy, patient 061	61	F	IV	never smoker	lung biopsy	baseline	treatment-naive baseline	bevacizumab + erlotinib	1	DCR_success	36	not deposited at patient level	L858R	no	GPL5188	not deposited	no	include	NA	Whole bronchoscopic baseline biopsy; clinical variables linked by UPN/patient ID from original publication Table 1.
GSM911977	MTORC1	0.285343752227529	61	SAKK 19/05, biopsy, patient 061	61	F	IV	never smoker	lung biopsy	baseline	treatment-naive baseline	bevacizumab + erlotinib	1	DCR_success	36	not deposited at patient level	L858R	no	GPL5188	not deposited	no	include	NA	Whole bronchoscopic baseline biopsy; clinical variables linked by UPN/patient ID from original publication Table 1.
GSM911978	MTORC1	0.260785337515147	63	SAKK 19/05, biopsy, patient 063	48	F	IIIB	smoker	lung biopsy	baseline	treatment-naive baseline	bevacizumab + erlotinib	0	DCR_failure	NA	not deposited at patient level	no	no	GPL5188	not deposited	no	include	NA	Whole bronchoscopic baseline biopsy; clinical variables linked by UPN/patient ID from original publication Table 1.
GSM911978	UPR	0.284540020450685	63	SAKK 19/05, biopsy, patient 063	48	F	IIIB	smoker	lung biopsy	baseline	treatment-naive baseline	bevacizumab + erlotinib	0	DCR_failure	NA	not deposited at patient level	no	no	GPL5188	not deposited	no	include	NA	Whole bronchoscopic baseline biopsy; clinical variables linked by UPN/patient ID from original publication Table 1.
GSM911979	MTORC1	0.269815917029011	64	SAKK 19/05, biopsy, patient 064	64	M	IV	smoker	lung biopsy	baseline	treatment-naive baseline	bevacizumab + erlotinib	1	DCR_success	-1	not deposited at patient level	no	no	GPL5188	not deposited	no	include	NA	Whole bronchoscopic baseline biopsy; clinical variables linked by UPN/patient ID from original publication Table 1.
GSM911979	UPR	0.325227862386195	64	SAKK 19/05, biopsy, patient 064	64	M	IV	smoker	lung biopsy	baseline	treatment-naive baseline	bevacizumab + erlotinib	1	DCR_success	-1	not deposited at patient level	no	no	GPL5188	not deposited	no	include	NA	Whole bronchoscopic baseline biopsy; clinical variables linked by UPN/patient ID from original publication Table 1.
GSM911980	UPR	0.322329630720688	65	SAKK 19/05, biopsy, patient 065	67	F	IV	never smoker	lung biopsy	baseline	treatment-naive baseline	bevacizumab + erlotinib	0	DCR_failure	NA	not deposited at patient level	no	no	GPL5188	not deposited	no	include	NA	Whole bronchoscopic baseline biopsy; clinical variables linked by UPN/patient ID from original publication Table 1.
GSM911980	MTORC1	0.296175244137145	65	SAKK 19/05, biopsy, patient 065	67	F	IV	never smoker	lung biopsy	baseline	treatment-naive baseline	bevacizumab + erlotinib	0	DCR_failure	NA	not deposited at patient level	no	no	GPL5188	not deposited	no	include	NA	Whole bronchoscopic baseline biopsy; clinical variables linked by UPN/patient ID from original publication Table 1.
GSM911981	UPR	0.338510714531278	67	SAKK 19/05, biopsy, patient 067	53	M	IV	smoker	lung biopsy	baseline	treatment-naive baseline	bevacizumab + erlotinib	1	DCR_success	-1	not deposited at patient level	no	no	GPL5188	not deposited	no	include	NA	Whole bronchoscopic baseline biopsy; clinical variables linked by UPN/patient ID from original publication Table 1.
GSM911981	MTORC1	0.327687825219189	67	SAKK 19/05, biopsy, patient 067	53	M	IV	smoker	lung biopsy	baseline	treatment-naive baseline	bevacizumab + erlotinib	1	DCR_success	-1	not deposited at patient level	no	no	GPL5188	not deposited	no	include	NA	Whole bronchoscopic baseline biopsy; clinical variables linked by UPN/patient ID from original publication Table 1.
GSM911982	MTORC1	0.262511939553781	68	SAKK 19/05, biopsy, patient 068	63	M	IV	smoker	lung biopsy	baseline	treatment-naive baseline	bevacizumab + erlotinib	0	DCR_failure	NA	not deposited at patient level	no	G12D	GPL5188	not deposited	no	include	NA	Whole bronchoscopic baseline biopsy; clinical variables linked by UPN/patient ID from original publication Table 1.
GSM911982	UPR	0.316357172910476	68	SAKK 19/05, biopsy, patient 068	63	M	IV	smoker	lung biopsy	baseline	treatment-naive baseline	bevacizumab + erlotinib	0	DCR_failure	NA	not deposited at patient level	no	G12D	GPL5188	not deposited	no	include	NA	Whole bronchoscopic baseline biopsy; clinical variables linked by UPN/patient ID from original publication Table 1.
GSM911983	UPR	0.328677101856647	69	SAKK 19/05, biopsy, patient 069	66	F	IIIB	smoker	lung biopsy	baseline	treatment-naive baseline	bevacizumab + erlotinib	0	DCR_failure	-2	not deposited at patient level	no	no	GPL5188	not deposited	no	include	NA	Whole bronchoscopic baseline biopsy; clinical variables linked by UPN/patient ID from original publication Table 1.
GSM911983	MTORC1	0.298902808468173	69	SAKK 19/05, biopsy, patient 069	66	F	IIIB	smoker	lung biopsy	baseline	treatment-naive baseline	bevacizumab + erlotinib	0	DCR_failure	-2	not deposited at patient level	no	no	GPL5188	not deposited	no	include	NA	Whole bronchoscopic baseline biopsy; clinical variables linked by UPN/patient ID from original publication Table 1.
GSM911984	UPR	0.296332281361554	70	SAKK 19/05, biopsy, patient 070	35	M	IV	smoker	lung biopsy	baseline	treatment-naive baseline	bevacizumab + erlotinib	1	DCR_success	5	not deposited at patient level	no	no	GPL5188	not deposited	no	include	NA	Whole bronchoscopic baseline biopsy; clinical variables linked by UPN/patient ID from original publication Table 1.
GSM911984	MTORC1	0.255026730344287	70	SAKK 19/05, biopsy, patient 070	35	M	IV	smoker	lung biopsy	baseline	treatment-naive baseline	bevacizumab + erlotinib	1	DCR_success	5	not deposited at patient level	no	no	GPL5188	not deposited	no	include	NA	Whole bronchoscopic baseline biopsy; clinical variables linked by UPN/patient ID from original publication Table 1.
GSM911985	MTORC1	0.217588210136146	74	SAKK 19/05, biopsy, patient 074	61	M	IV	never smoker	lung biopsy	baseline	treatment-naive baseline	bevacizumab + erlotinib	1	DCR_success	66	not deposited at patient level	no	no	GPL5188	not deposited	no	include	NA	Whole bronchoscopic baseline biopsy; clinical variables linked by UPN/patient ID from original publication Table 1.
GSM911985	UPR	0.266923856209356	74	SAKK 19/05, biopsy, patient 074	61	M	IV	never smoker	lung biopsy	baseline	treatment-naive baseline	bevacizumab + erlotinib	1	DCR_success	66	not deposited at patient level	no	no	GPL5188	not deposited	no	include	NA	Whole bronchoscopic baseline biopsy; clinical variables linked by UPN/patient ID from original publication Table 1.
GSM911986	UPR	0.322894831628794	75	SAKK 19/05, biopsy, patient 075	61	M	IV	never smoker	lung biopsy	baseline	treatment-naive baseline	bevacizumab + erlotinib	0	DCR_failure	NA	not deposited at patient level	no	no	GPL5188	not deposited	no	include	NA	Whole bronchoscopic baseline biopsy; clinical variables linked by UPN/patient ID from original publication Table 1.
GSM911986	MTORC1	0.279306258464609	75	SAKK 19/05, biopsy, patient 075	61	M	IV	never smoker	lung biopsy	baseline	treatment-naive baseline	bevacizumab + erlotinib	0	DCR_failure	NA	not deposited at patient level	no	no	GPL5188	not deposited	no	include	NA	Whole bronchoscopic baseline biopsy; clinical variables linked by UPN/patient ID from original publication Table 1.
GSM911987	UPR	0.324180411372902	76	SAKK 19/05, biopsy, patient 076	51	F	IV	smoker	lung biopsy	baseline	treatment-naive baseline	bevacizumab + erlotinib	1	DCR_success	3	not deposited at patient level	no	G12C	GPL5188	not deposited	no	include	NA	Whole bronchoscopic baseline biopsy; clinical variables linked by UPN/patient ID from original publication Table 1.
GSM911987	MTORC1	0.292055385273362	76	SAKK 19/05, biopsy, patient 076	51	F	IV	smoker	lung biopsy	baseline	treatment-naive baseline	bevacizumab + erlotinib	1	DCR_success	3	not deposited at patient level	no	G12C	GPL5188	not deposited	no	include	NA	Whole bronchoscopic baseline biopsy; clinical variables linked by UPN/patient ID from original publication Table 1.
GSM911988	UPR	0.26459776430239	77	SAKK 19/05, biopsy, patient 077	54	M	IV	smoker	lung biopsy	baseline	treatment-naive baseline	bevacizumab + erlotinib	1	DCR_success	16	not deposited at patient level	no	no	GPL5188	not deposited	no	include	NA	Whole bronchoscopic baseline biopsy; clinical variables linked by UPN/patient ID from original publication Table 1.
GSM911988	MTORC1	0.208445363176278	77	SAKK 19/05, biopsy, patient 077	54	M	IV	smoker	lung biopsy	baseline	treatment-naive baseline	bevacizumab + erlotinib	1	DCR_success	16	not deposited at patient level	no	no	GPL5188	not deposited	no	include	NA	Whole bronchoscopic baseline biopsy; clinical variables linked by UPN/patient ID from original publication Table 1.
GSM911989	MTORC1	0.219255470810464	78	SAKK 19/05, biopsy, patient 078	63	F	IV	smoker	lung biopsy	baseline	treatment-naive baseline	bevacizumab + erlotinib	1	DCR_success	26	not deposited at patient level	Del L747-G749	NA	GPL5188	not deposited	no	include	NA	Whole bronchoscopic baseline biopsy; clinical variables linked by UPN/patient ID from original publication Table 1.
GSM911989	UPR	0.265718073245244	78	SAKK 19/05, biopsy, patient 078	63	F	IV	smoker	lung biopsy	baseline	treatment-naive baseline	bevacizumab + erlotinib	1	DCR_success	26	not deposited at patient level	Del L747-G749	NA	GPL5188	not deposited	no	include	NA	Whole bronchoscopic baseline biopsy; clinical variables linked by UPN/patient ID from original publication Table 1.
GSM911990	UPR	0.330653097218972	80	SAKK 19/05, biopsy, patient 080	44	F	IV	smoker	lung biopsy	baseline	treatment-naive baseline	bevacizumab + erlotinib	0	DCR_failure	NA	not deposited at patient level	NA	NA	GPL5188	not deposited	no	include	NA	Whole bronchoscopic baseline biopsy; clinical variables linked by UPN/patient ID from original publication Table 1.
GSM911990	MTORC1	0.297349775465108	80	SAKK 19/05, biopsy, patient 080	44	F	IV	smoker	lung biopsy	baseline	treatment-naive baseline	bevacizumab + erlotinib	0	DCR_failure	NA	not deposited at patient level	NA	NA	GPL5188	not deposited	no	include	NA	Whole bronchoscopic baseline biopsy; clinical variables linked by UPN/patient ID from original publication Table 1.
GSM911991	MTORC1	0.259371302302374	81	SAKK 19/05, biopsy, patient 081	55	M	IV	smoker	lung biopsy	baseline	treatment-naive baseline	bevacizumab + erlotinib	0	DCR_failure	NA	not deposited at patient level	no	no	GPL5188	not deposited	no	include	NA	Whole bronchoscopic baseline biopsy; clinical variables linked by UPN/patient ID from original publication Table 1.
GSM911991	UPR	0.339615253359508	81	SAKK 19/05, biopsy, patient 081	55	M	IV	smoker	lung biopsy	baseline	treatment-naive baseline	bevacizumab + erlotinib	0	DCR_failure	NA	not deposited at patient level	no	no	GPL5188	not deposited	no	include	NA	Whole bronchoscopic baseline biopsy; clinical variables linked by UPN/patient ID from original publication Table 1.
GSM911992	MTORC1	0.145251265236296	82	SAKK 19/05, biopsy, patient 082	58	M	IV	smoker	lung biopsy	baseline	treatment-naive baseline	bevacizumab + erlotinib	1	DCR_success	0	not deposited at patient level	no	no	GPL5188	not deposited	no	include	NA	Whole bronchoscopic baseline biopsy; clinical variables linked by UPN/patient ID from original publication Table 1.
GSM911992	UPR	0.216920292163452	82	SAKK 19/05, biopsy, patient 082	58	M	IV	smoker	lung biopsy	baseline	treatment-naive baseline	bevacizumab + erlotinib	1	DCR_success	0	not deposited at patient level	no	no	GPL5188	not deposited	no	include	NA	Whole bronchoscopic baseline biopsy; clinical variables linked by UPN/patient ID from original publication Table 1.
GSM911993	UPR	0.283817433798636	83	SAKK 19/05, biopsy, patient 083	53	F	IV	smoker	lung biopsy	baseline	treatment-naive baseline	bevacizumab + erlotinib	0	DCR_failure	NA	not deposited at patient level	no	G12D	GPL5188	not deposited	no	include	NA	Whole bronchoscopic baseline biopsy; clinical variables linked by UPN/patient ID from original publication Table 1.
GSM911993	MTORC1	0.234144094375936	83	SAKK 19/05, biopsy, patient 083	53	F	IV	smoker	lung biopsy	baseline	treatment-naive baseline	bevacizumab + erlotinib	0	DCR_failure	NA	not deposited at patient level	no	G12D	GPL5188	not deposited	no	include	NA	Whole bronchoscopic baseline biopsy; clinical variables linked by UPN/patient ID from original publication Table 1.
GSM911994	UPR	0.325949187429074	84	SAKK 19/05, biopsy, patient 084	55	F	IV	never smoker	lung biopsy	baseline	treatment-naive baseline	bevacizumab + erlotinib	1	DCR_success	0	not deposited at patient level	NA	NA	GPL5188	not deposited	no	include	NA	Whole bronchoscopic baseline biopsy; clinical variables linked by UPN/patient ID from original publication Table 1.
GSM911994	MTORC1	0.242680162520493	84	SAKK 19/05, biopsy, patient 084	55	F	IV	never smoker	lung biopsy	baseline	treatment-naive baseline	bevacizumab + erlotinib	1	DCR_success	0	not deposited at patient level	NA	NA	GPL5188	not deposited	no	include	NA	Whole bronchoscopic baseline biopsy; clinical variables linked by UPN/patient ID from original publication Table 1.
GSM911995	MTORC1	0.260089813956804	87	SAKK 19/05, biopsy, patient 087	74	M	IV	smoker	lung biopsy	baseline	treatment-naive baseline	bevacizumab + erlotinib	1	DCR_success	-15	not deposited at patient level	no	no	GPL5188	not deposited	no	include	NA	Whole bronchoscopic baseline biopsy; clinical variables linked by UPN/patient ID from original publication Table 1.
GSM911995	UPR	0.291833698464054	87	SAKK 19/05, biopsy, patient 087	74	M	IV	smoker	lung biopsy	baseline	treatment-naive baseline	bevacizumab + erlotinib	1	DCR_success	-15	not deposited at patient level	no	no	GPL5188	not deposited	no	include	NA	Whole bronchoscopic baseline biopsy; clinical variables linked by UPN/patient ID from original publication Table 1.
GSM911996	UPR	0.278263514830531	88	SAKK 19/05, biopsy, patient 088	78	M	IV	never smoker	lung biopsy	baseline	treatment-naive baseline	bevacizumab + erlotinib	0	DCR_failure	-3	not deposited at patient level	no	no	GPL5188	not deposited	no	include	NA	Whole bronchoscopic baseline biopsy; clinical variables linked by UPN/patient ID from original publication Table 1.
GSM911996	MTORC1	0.229193100007128	88	SAKK 19/05, biopsy, patient 088	78	M	IV	never smoker	lung biopsy	baseline	treatment-naive baseline	bevacizumab + erlotinib	0	DCR_failure	-3	not deposited at patient level	no	no	GPL5188	not deposited	no	include	NA	Whole bronchoscopic baseline biopsy; clinical variables linked by UPN/patient ID from original publication Table 1.
GSM911997	UPR	0.290989681929404	90	SAKK 19/05, biopsy, patient 090	69	F	IV	smoker	lung biopsy	baseline	treatment-naive baseline	bevacizumab + erlotinib	1	DCR_success	0	not deposited at patient level	no	no	GPL5188	not deposited	no	include	NA	Whole bronchoscopic baseline biopsy; clinical variables linked by UPN/patient ID from original publication Table 1.
GSM911997	MTORC1	0.245660595908475	90	SAKK 19/05, biopsy, patient 090	69	F	IV	smoker	lung biopsy	baseline	treatment-naive baseline	bevacizumab + erlotinib	1	DCR_success	0	not deposited at patient level	no	no	GPL5188	not deposited	no	include	NA	Whole bronchoscopic baseline biopsy; clinical variables linked by UPN/patient ID from original publication Table 1.
GSM911998	MTORC1	0.310723323116402	91	SAKK 19/05, biopsy, patient 091	68	M	IV	smoker	lung biopsy	baseline	treatment-naive baseline	bevacizumab + erlotinib	0	DCR_failure	NA	not deposited at patient level	no	no	GPL5188	not deposited	no	include	NA	Whole bronchoscopic baseline biopsy; clinical variables linked by UPN/patient ID from original publication Table 1.
GSM911998	UPR	0.324865780554439	91	SAKK 19/05, biopsy, patient 091	68	M	IV	smoker	lung biopsy	baseline	treatment-naive baseline	bevacizumab + erlotinib	0	DCR_failure	NA	not deposited at patient level	no	no	GPL5188	not deposited	no	include	NA	Whole bronchoscopic baseline biopsy; clinical variables linked by UPN/patient ID from original publication Table 1.
GSM911999	UPR	0.296914198591161	93	SAKK 19/05, biopsy, patient 093	56	F	IV	never smoker	lung biopsy	baseline	treatment-naive baseline	bevacizumab + erlotinib	1	DCR_success	12	not deposited at patient level	E709A and G719S	no	GPL5188	not deposited	no	include	NA	Whole bronchoscopic baseline biopsy; clinical variables linked by UPN/patient ID from original publication Table 1.
GSM911999	MTORC1	0.256928683441443	93	SAKK 19/05, biopsy, patient 093	56	F	IV	never smoker	lung biopsy	baseline	treatment-naive baseline	bevacizumab + erlotinib	1	DCR_success	12	not deposited at patient level	E709A and G719S	no	GPL5188	not deposited	no	include	NA	Whole bronchoscopic baseline biopsy; clinical variables linked by UPN/patient ID from original publication Table 1.
GSM912000	UPR	0.247012509485724	94	SAKK 19/05, biopsy, patient 094	49	F	IV	smoker	lung biopsy	baseline	treatment-naive baseline	bevacizumab + erlotinib	1	DCR_success	16	not deposited at patient level	no	G12V	GPL5188	not deposited	no	include	NA	Whole bronchoscopic baseline biopsy; clinical variables linked by UPN/patient ID from original publication Table 1.
GSM912000	MTORC1	0.212184047330529	94	SAKK 19/05, biopsy, patient 094	49	F	IV	smoker	lung biopsy	baseline	treatment-naive baseline	bevacizumab + erlotinib	1	DCR_success	16	not deposited at patient level	no	G12V	GPL5188	not deposited	no	include	NA	Whole bronchoscopic baseline biopsy; clinical variables linked by UPN/patient ID from original publication Table 1.
GSM912001	UPR	0.333658250261626	95	SAKK 19/05, biopsy, patient 095	64	M	IV	smoker	lung biopsy	baseline	treatment-naive baseline	bevacizumab + erlotinib	1	DCR_success	1	not deposited at patient level	NA	NA	GPL5188	not deposited	no	include	NA	Whole bronchoscopic baseline biopsy; clinical variables linked by UPN/patient ID from original publication Table 1.
GSM912001	MTORC1	0.306996578515931	95	SAKK 19/05, biopsy, patient 095	64	M	IV	smoker	lung biopsy	baseline	treatment-naive baseline	bevacizumab + erlotinib	1	DCR_success	1	not deposited at patient level	NA	NA	GPL5188	not deposited	no	include	NA	Whole bronchoscopic baseline biopsy; clinical variables linked by UPN/patient ID from original publication Table 1.
GSM912002	UPR	0.341567593549897	96	SAKK 19/05, biopsy, patient 096	77	M	IV	smoker	lung biopsy	baseline	treatment-naive baseline	bevacizumab + erlotinib	0	DCR_failure	NA	not deposited at patient level	no	no	GPL5188	not deposited	no	include	NA	Whole bronchoscopic baseline biopsy; clinical variables linked by UPN/patient ID from original publication Table 1.
GSM912002	MTORC1	0.297966177204362	96	SAKK 19/05, biopsy, patient 096	77	M	IV	smoker	lung biopsy	baseline	treatment-naive baseline	bevacizumab + erlotinib	0	DCR_failure	NA	not deposited at patient level	no	no	GPL5188	not deposited	no	include	NA	Whole bronchoscopic baseline biopsy; clinical variables linked by UPN/patient ID from original publication Table 1.
GSM912003	UPR	0.304755099581966	97	SAKK 19/05, biopsy, patient 097	68	F	IV	smoker	lung biopsy	baseline	treatment-naive baseline	bevacizumab + erlotinib	0	DCR_failure	NA	not deposited at patient level	no	no	GPL5188	not deposited	no	include	NA	Whole bronchoscopic baseline biopsy; clinical variables linked by UPN/patient ID from original publication Table 1.
GSM912003	MTORC1	0.262621533965357	97	SAKK 19/05, biopsy, patient 097	68	F	IV	smoker	lung biopsy	baseline	treatment-naive baseline	bevacizumab + erlotinib	0	DCR_failure	NA	not deposited at patient level	no	no	GPL5188	not deposited	no	include	NA	Whole bronchoscopic baseline biopsy; clinical variables linked by UPN/patient ID from original publication Table 1.
GSM912004	MTORC1	0.231653004490698	98	SAKK 19/05, biopsy, patient 098	64	F	IV	never smoker	lung biopsy	baseline	treatment-naive baseline	bevacizumab + erlotinib	1	DCR_success	18	not deposited at patient level	no	no	GPL5188	not deposited	no	include	NA	Whole bronchoscopic baseline biopsy; clinical variables linked by UPN/patient ID from original publication Table 1.
GSM912004	UPR	0.290590067224845	98	SAKK 19/05, biopsy, patient 098	64	F	IV	never smoker	lung biopsy	baseline	treatment-naive baseline	bevacizumab + erlotinib	1	DCR_success	18	not deposited at patient level	no	no	GPL5188	not deposited	no	include	NA	Whole bronchoscopic baseline biopsy; clinical variables linked by UPN/patient ID from original publication Table 1.
GSM912005	UPR	0.306803952873851	99	SAKK 19/05, biopsy, patient 099	48	M	IV	smoker	lung biopsy	baseline	treatment-naive baseline	bevacizumab + erlotinib	1	DCR_success	-6	not deposited at patient level	no	no	GPL5188	not deposited	no	include	NA	Whole bronchoscopic baseline biopsy; clinical variables linked by UPN/patient ID from original publication Table 1.
GSM912005	MTORC1	0.248026053175565	99	SAKK 19/05, biopsy, patient 099	48	M	IV	smoker	lung biopsy	baseline	treatment-naive baseline	bevacizumab + erlotinib	1	DCR_success	-6	not deposited at patient level	no	no	GPL5188	not deposited	no	include	NA	Whole bronchoscopic baseline biopsy; clinical variables linked by UPN/patient ID from original publication Table 1.
GSM912006	UPR	0.306415061847235	101	SAKK 19/05, biopsy, patient 101	66	M	IV	smoker	lung biopsy	baseline	treatment-naive baseline	bevacizumab + erlotinib	0	DCR_failure	-1	not deposited at patient level	no	no	GPL5188	not deposited	no	include	NA	Whole bronchoscopic baseline biopsy; clinical variables linked by UPN/patient ID from original publication Table 1.
GSM912006	MTORC1	0.261912823437166	101	SAKK 19/05, biopsy, patient 101	66	M	IV	smoker	lung biopsy	baseline	treatment-naive baseline	bevacizumab + erlotinib	0	DCR_failure	-1	not deposited at patient level	no	no	GPL5188	not deposited	no	include	NA	Whole bronchoscopic baseline biopsy; clinical variables linked by UPN/patient ID from original publication Table 1.
GSM912007	MTORC1	0.242414462898282	102	SAKK 19/05, biopsy, patient 102	59	F	IV	smoker	lung biopsy	baseline	treatment-naive baseline	bevacizumab + erlotinib	1	DCR_success	-8	not deposited at patient level	no	no	GPL5188	not deposited	no	include	NA	Whole bronchoscopic baseline biopsy; clinical variables linked by UPN/patient ID from original publication Table 1.
GSM912007	UPR	0.294478662088708	102	SAKK 19/05, biopsy, patient 102	59	F	IV	smoker	lung biopsy	baseline	treatment-naive baseline	bevacizumab + erlotinib	1	DCR_success	-8	not deposited at patient level	no	no	GPL5188	not deposited	no	include	NA	Whole bronchoscopic baseline biopsy; clinical variables linked by UPN/patient ID from original publication Table 1.
GSM912008	MTORC1	0.251662092807755	103	SAKK 19/05, biopsy, patient 103	72	F	IV	never smoker	lung biopsy	baseline	treatment-naive baseline	bevacizumab + erlotinib	1	DCR_success	76	not deposited at patient level	Del E746-A750	no	GPL5188	not deposited	no	include	NA	Whole bronchoscopic baseline biopsy; clinical variables linked by UPN/patient ID from original publication Table 1.
GSM912008	UPR	0.309978161545269	103	SAKK 19/05, biopsy, patient 103	72	F	IV	never smoker	lung biopsy	baseline	treatment-naive baseline	bevacizumab + erlotinib	1	DCR_success	76	not deposited at patient level	Del E746-A750	no	GPL5188	not deposited	no	include	NA	Whole bronchoscopic baseline biopsy; clinical variables linked by UPN/patient ID from original publication Table 1.
