file	size_bytes	sha256
.gitignore	42	16b3a70d4c1173631bb3322b166046afcc53ccc55c8b474a6863d0d7bde32251
CITATION.cff	445	60f52fe762cc10e01f42aba89da7116c4d67147cd6c27ff53e6d13027509c993
DATA_ACCESS.md	3075	4277d85d146233cade8ac94404609db4b9132d7ec2d5cea5ee5e8bd284c32bc4
LICENSE	1069	5eda72992fb15754b75522daf2bde1c6479694537209f0b36aa6b2d8ec118dce
README.md	4333	0471df65c75e2c43458890886ac41c3f37c953e03a930a1ad5da026326453457
RELEASE_VALIDATION.md	1258	47d46e96e87765698c6d2e51d92f85d0bc34cb67afbcff76b5403c8dc37ac74a
config/all_contrast_roles.tsv	10653	f1f58d2aaf885634172ea9880359b01f04fb6a9754cfaa6eb5ebb6f3628de058
config/candidate_dataset_disposition.tsv	2747	58cb37d70477e652f53638a1cc8024afb99f2d056aeee35e8c7e09a08651987c
config/dataset_roles.tsv	1955	f06b9506e22d72d65db81dabacd8792a103c818c90079b21789bd9ec004eac2b
config/external_validation_cohort.tsv	5562	216c28ab40c263b999adba94131951d28d4ea6b9f39ca688b9e03e0efc00b8f7
config/validation_contrast_roles.tsv	1791	770426fbd841d05c14bca2bd9f892fed149335155cccd7a90b05327cbf316421
data/figure_source_data/Figure_1/Figure1A_Concept.tsv	144	7fbb5d1a178c23e66149234c33b23631f14ceb47d503b5bcdd5f2a62fddb71cd
data/figure_source_data/Figure_1/Figure1B_EvidenceHierarchy.tsv	568	793fde1276320c9ca92ee962b1a17ee84f6d9333a9c48742b59978cffa57beb4
data/figure_source_data/Figure_1/Figure1C_DatasetTaxonomy.tsv	4185	74ec5b3bdfb54e1e5553932f5732dd2727458b40adbf9812b6872bb186672687
data/figure_source_data/Figure_1/Figure1D_AnalysisStrategy.tsv	419	6efcee3e2a0ae6635e77ab21e1976a0e447c3ef305829e49b66c605439d325fb
data/figure_source_data/Figure_2/Figure2A_HallmarkRawNES.tsv	96752	6ca02fa602efe3703f444574bae6abfc5826847daf80be7df161ac51c80a4f9a
data/figure_source_data/Figure_2/Figure2B_HallmarkCorrelations.tsv	12277	f77de713af8251c9d2efa4b9efe76494da79b507a6e822d4c2f2f4447d145c53
data/figure_source_data/Figure_2/Figure2C_HallmarkPCA.tsv	2721	540eecdf08a1d02fe148570902c6d1efed057af1a76958b58a9081abd1c9b95e
data/figure_source_data/Figure_2/Figure2D_CorrelationSummary.tsv	1564	a73e49c5aad6d20043bb8c7ef06b35bab36cd76ca437243dec6440f9c35d52f1
data/figure_source_data/Figure_3/Figure3A_RecurrentProgramsRawNES.tsv	4100	abe05b03266f9fd4c9d47e5fd57bd7abbc082a732c97bde03f169f7638843fad
data/figure_source_data/Figure_3/Figure3B_RecurrentProgramSummary.tsv	830	b21ca8c889386db127f0f5a54208655bcb93ccd35465eb718539457b0cbbe438
data/figure_source_data/Figure_3/Figure3C_DivergentProgramsRawNES.tsv	8386	f51c4dbd1e936895ee09fc6058fad29b57cc3a6f8868eb985080c9fcdfa01814
data/figure_source_data/Figure_3/Figure3D_DivergenceSummary.tsv	1068	00ca579a93ca68fbb02abc27cb71b31531af400a1e10e4fb1ed88f72a0fd4c0e
data/figure_source_data/Figure_4/Figure4A_ExpandedValidationNES.tsv	40599	fc61f2e646b54f53751efa55bd3a97db3ae614a83901451deb4fce23d28f847b
data/figure_source_data/Figure_4/Figure4BC_RecurrentDatasetSummary.tsv	10133	67047a1324900361f5fcb0d5f3b7a711f481f3a31b82bb2ac1be7e7d8c3a3090
data/figure_source_data/Figure_4/Figure4D_GSE81465Temporal.tsv	1252	e498b64769e226ac62de940ca261a4d6001f32e99c423100872b8b1f77ca3784
data/figure_source_data/Figure_4/Figure4D_ValidationProgramSummary.tsv	1020	95cdfe2d960c1385d85ae646599b256f60356061e9d735561fd98f5afa402e80
data/figure_source_data/Figure_5/Figure5A_HumanDesign.tsv	135	e0d1f8120a88224a388513ca8695c69527fc92dd9cd92e1f44f72c1262fd8ce7
data/figure_source_data/Figure_5/Figure5B_MTORC1_PatientTrajectories.tsv	2795	d39d10d666c2fe94cbfb63d45c32979e08355cf4d3331cd89f3412ce131595f8
data/figure_source_data/Figure_5/Figure5C_UPR_PatientTrajectories.tsv	2703	a9c586480ababbc6db3478c4e4ddcc8391d818ee832091a021355fdb77426f29
data/figure_source_data/Figure_5/Figure5D_EMT_PatientTrajectories.tsv	2702	a8c569d8c3c75e982311504f028d2dfc55008aaaa9666f3ca091de33006c9dd6
data/figure_source_data/Figure_5/Figure5E_IFNG_PatientTrajectories.tsv	2745	24bb14432a8769191922600202bd798441e144dd671b98302ce1beb2771cd592
data/figure_source_data/Figure_5/Figure5F_CountBasedInteraction.tsv	2858	2337e8a678933bb9ac92077387ab4905eb05b5587473b926885203c0434ade48
data/figure_source_data/Figure_5/Figure5F_DeltaStatistics.tsv	987	00e751bafb7e1581fbc0b331deb3156451ec5f5fcc8cc1227d0dc5fa4933dc3a
data/figure_source_data/Figure_5/Figure5F_PatientDeltas.tsv	8465	3fd90a16b67b38696fdffdf1cd081d7c974aa82d3d5c2bd14c5aea9f4244d905
data/figure_source_data/Figure_6/Figure6_EvidenceMap.tsv	1181	f460c7eed49d59ac154e0af6ea9b87c12d12f5d9ffc8bb60d79751f2d7dd5073
data/figure_source_data/Supplementary/GSE37138_MTORC1_UPR_Associations.tsv	925	16afcff248aba745ebcbe2569759eca66932454574abaf4f68020e3cdfbe4a38
data/figure_source_data/Supplementary/GSE37138_MTORC1_UPR_Scores.tsv	30810	1e4cd211b1b52f278c23b94f967851353b28f404e9a147f630c8a6660564bf18
environment/R_sessionInfo.txt	1455	1a50bc72a67129a545fad730db75ae4d8adf169aa65107044cf760ae401a6fd5
environment/python_environment.txt	82	4e026d7d1072d96aa02a5fd0090111f2f61314f4835e270700644def5f4178a5
environment/software_versions.tsv	1707	f4f507c879a1a06e988fe5123f460e22fbd6ac0a6085263da47d2ac8009e912d
metadata/GSE37138_sample_manifest.tsv	14531	72b4b91859f9291de71cc9bfb24c9dde93c70b42101aac8259019f61bb309fcf
metadata/GSE79671_sample_manifest.tsv	20040	2ea5e3be2efacc16abff622e2bf215834d675bbcabca63eacfb52a2cf0c22a13
metadata/all_sample_inclusion_QC.tsv	46701	39f31920f7b286230832faec6565c0b98627da3b160b7faa1604317c1266c496
metadata/dataset_methods_inventory.tsv	12628	f4df6a3f2b3787ad678013688eb2951f7b595fdc7c921e2ab11b7562fb9b4a7b
metadata/discovery_derived_matrix_provenance.tsv	615	e09c1aef88bf44285b4225027d9a8b482651b6c707075f7b7454c7b79369da37
metadata/discovery_public_input_checksums.tsv	4891	238450f6e98dfd149f7956b971ef7b90529f8789023824a1853956cfdcf8c616
metadata/discovery_sample_manifest.tsv	55369	a09c6e9f9f4a12e2db291bb2b1714375b0639587f64e48d4a8d64c72714e796d
metadata/public_data_sources.tsv	3011	b03cea2a55b69f25e48b4a51737fb9b84052a02fd16d5c658331fb5ffd246c7e
metadata/validation_human_input_checksums.tsv	2060	4153b441732256df1e3f38d3ac859c8aa22bcdf2ceef8688a4a0d16cd35d161d
metadata/validation_sample_manifest.tsv	30554	73d45430cc148e7b6d141def923638884ef9462beace943b78a2cd083fbc1556
metadata/validation_source_references.tsv	1781	4aadb17f30a019ab8da49cf8436bfa7132368641969082df9268fbbbeabb7ecc
reference_figures/Figure1.pdf	24797	a31a39d8e125136faa6b53012d7d64c65959247fffba627126e60e4742c555b0
reference_figures/Figure1.png	787114	c86c5a11d4a215664efee61c1d248426a8dff4889ff5e2ea02ed8343b440bb47
reference_figures/Figure1.svg	318345	f6432a52e63cfbf6d93061986f7bf76e7b87fe72e27231c041d28accc7b97025
reference_figures/Figure2.pdf	28563	55448e431f8911dfe0c1cf31ebeada24a571538fa0edd05c9633ae1a75ac199e
reference_figures/Figure2.png	1460896	d8ff5f8761a40f4bce91cda4efee3de39cb6818f128c429d3bc0e4e9b186437c
reference_figures/Figure2.svg	324715	0c625f12955dd7b37fad7f65a39f4cfa23700b32f69c0577d80a79ef6273ffc7
reference_figures/Figure3.pdf	28098	fcdb8fa3ba9aa58672d1617cf682adc152f51056e8cca916d29a5f90b0efde56
reference_figures/Figure3.png	961615	fa30ba31593d1a516c0bc77d49a0b73b05ba9ea937d908ec5b31cadfeeacd718
reference_figures/Figure3.svg	270028	c22ab942b036706b42617aa19505a4766cb72dc1a7426d3ab3d205aac67f3a7b
reference_figures/Figure4.pdf	28798	7de1591ed907857774abf1402044ac498791424d2a2df9fc01fd3c67b4d74680
reference_figures/Figure4.png	1014488	95369a45ffcaad8f2ad8e78fec57a22a3afc2067740631128f6d09ac9c0f5e63
reference_figures/Figure4.svg	320214	37cefb93c9700cb9cdc682de9d7f3873f616b4a77908d529284d4715af2954ca
reference_figures/Figure5.pdf	35804	a61d96944573b05ec37d008da213da089710ab46f2586ed657403d6a5351c745
reference_figures/Figure5.png	1390047	f3f25a821560218d0bca0b53d6a3724a9baf6733f72bde9c98775634e6087576
reference_figures/Figure5.svg	387162	5adddea43f79f35508826583b03558e9e423ac138a9f2478faed742f65c6561e
reference_figures/Figure6.pdf	24068	9f70c1fdbc6abdb5cc799e7a016a489cdf4b27eb412741fc88556e9378e4469c
reference_figures/Figure6.png	636513	89f00049d0d6a4a8d918aa49841b27c766fa9b10589e55ad294ddd67faaf936a
reference_figures/Figure6.svg	233828	bfd0777b907ffa094c8917719ffa1dbb0847961c03db9bad6495e660486248cf
reference_figures/FigureS1_Discovery_Hallmark_PCA.pdf	21074	6ca7f89572074281a04964687bff2e25f03e58a42bf43e4167fa2c3768962d67
reference_figures/FigureS1_Discovery_Hallmark_PCA.png	502526	c0af56a637ef740f6fe253726c39f1b87deca4ed7f09cf390827fab78b47a694
reference_figures/FigureS1_Discovery_Hallmark_PCA.svg	125069	b54a7998c30ecc0d4863c1d5a349ffb4b4064582f3b7b97528d8d09dbdc7b192
reference_figures/FigureS2_Recurrent_program_robustness.pdf	18976	05b4b7e12c81d7f5de88ce18ad117395957d26ee09c768fc4657d29515218615
reference_figures/FigureS2_Recurrent_program_robustness.png	311045	018be6b56168309e0cc46d23301a3ace6f584bae35b5ddb41c5bbbd9ebe87329
reference_figures/FigureS2_Recurrent_program_robustness.svg	93657	a65ef848b479db41b418c5c95aed1ca4755041fd174090ec4a6fd8db9297aebc
reference_figures/FigureS3_Validation_FDR_matrix.pdf	21687	58ff168ad381bd0c5df9d9bc7bf7f7f16f6b139aec83fa0d93debc8ae028aa4e
reference_figures/FigureS3_Validation_FDR_matrix.png	696036	8e20bfb277e1e96a737c46ec67c14bea5c7b4063cd5cb04e36cca0302a63f15f
reference_figures/FigureS3_Validation_FDR_matrix.svg	154506	7976bb99163a229b73ddd9146140b60e4ab3ef7c0e25f2bbffa15b954212c625
reference_figures/FigureS4_GSE37138_baseline_associations.pdf	23140	705409e4d3e67d52582e389f864f6b50a957f292410c7dfa59aa0c1452a7622d
reference_figures/FigureS4_GSE37138_baseline_associations.png	539414	d37f52c1d287c4cc66a8ef92ed8262a2569ee2bcb0ac01f71a6a4ee47aa13f54
reference_figures/FigureS4_GSE37138_baseline_associations.svg	159513	57fa99b9a75bd6b88e4fbe238615ae8ab96d9c284b22aeddf6f114cbd1387b3b
reference_figures/FigureS5_GSE79671_group_level_GSEA.pdf	22037	f04eeac2c92bb972dba1988cccfa6167a18819a0953a049d05537cfc86ce99dc
reference_figures/FigureS5_GSE79671_group_level_GSEA.png	431015	a87e07f570daf7b05d1b6a5426a856113ee89ebef2d2652f3ad253380d4351fa
reference_figures/FigureS5_GSE79671_group_level_GSEA.svg	133468	0b08109388529de8241100a098ff012e35781938a6bd3052fc221ac319a6efa5
results/additional_sensitivity/TableS11_candidate_dataset_results.tsv	30203	a244c8614c50a15d9bfaf0a98d66235a51c9dd62e566a95cdf9b7ab23e11dc66
results/discovery/TableS3_discovery_Hallmark_signed_NES.tsv	96752	6ca02fa602efe3703f444574bae6abfc5826847daf80be7df161ac51c80a4f9a
results/human/TableS6_GSE79671_group_and_patient_statistics.tsv	3432	dd80730e85ea3089db1680bb4f7e1a1d20a116c1d420044de484f2d1658bef82
results/validation/PHASE10B_VALIDATION_DATASET_SUMMARY.tsv	10133	67047a1324900361f5fcb0d5f3b7a711f481f3a31b82bb2ac1be7e7d8c3a3090
results/validation/PHASE10B_VALIDATION_LEAVE_ONE_CONTEXT_OUT.tsv	7166	7e8f15f3b26cf45316f3a640dcf69aecf8773f58b8eb0a84b6d7e6bcebacbfe6
results/validation/PHASE10B_VALIDATION_LEAVE_ONE_DATASET_OUT.tsv	3797	4f70bb6a9f74912a0d35eec94bb15776728aa0edcf725882bcaaa14be9bfac33
results/validation/PHASE10B_VALIDATION_PROGRAM_SUMMARY.tsv	1020	95cdfe2d960c1385d85ae646599b256f60356061e9d735561fd98f5afa402e80
results/validation/PHASE10B_VALIDATION_TIER_SUMMARY.tsv	1118	54c5e116b1c2b028746eb4ed828df067dfa640c8e7ea1f1e0dd4edb71dcab395
results/validation/TableS5_expanded_external_validation_statistics.tsv	37991	197de942a78baf6d848f3881302bd878c0b1d91ee2de53c82f94c08d65766f8b
results/validation/TableS8_robustness_sensitivity_inventory.tsv	3767	163b8c363aab2dc07f26f4ae3a30ca5590421428ada55786bb58fbc5d9a44c90
run_manifest.tsv	2917	8197b10fe5f8ce31ee968738b8f1dc4e0731ff2e7a580cec0b748b74b5ba5ad4
scripts/01_discovery_preprocess.R	18942	41153f67b952025017ff7dcd995e6214440e32b1b3af8e0199875259eca616ee
scripts/02_discovery_differential_expression.R	10063	041dfe5ef4714cefc38eb61aeb6ba0dd5268919c505b714a92145af483551bbd
scripts/03_discovery_gsea.R	9318	c05454eea2e19df0b1a6650e527e00de89f3f295cdd0b7fa2055cd1f745758fd
scripts/04_cross_context_architecture.R	26973	642e69fecd30060f49f98a396a7cc55376c4961ae8874fbcf495bf3db8a61255
scripts/06_validation_GSE81465_sensitivity.R	2796	d2952acadb8052f728aec43f5debaaeada78a6f2ba11221768b7ef9d2740a69a
scripts/08_human_longitudinal_GSE79671.R	19004	36db64d4e2924c825b8faab3a6e0f5bf503da6f5bc7a1ee6672c45a774769964
scripts/09_human_baseline_GSE37138.R	8696	9ce4c3766496aae6e45ed2525dbf5f9c741fa834b7a8e776054a3756b5cd23f8
scripts/10_candidate_validation_GSE249415.R	4338	9cf08eeb43e085e53667bb5f7fb3e26fdf3d93b9f966fcfd042c026054b30be2
scripts/11_candidate_validation_phase8c1.R	9284	4df37995dfc4917486d84a572410cb8d3b1be0046da837a16e6777adbe3188ac
scripts/11_render_publication_figures.R	34621	3de030ef7ebec4f4cbbb1bfbce00622a3975d083c8347ae51e7579a5eff2b895
scripts/12_candidate_validation_phase8c2.R	15511	3fbba63bbc7d6d81ecc0cc59b6691b96f9d7a489128784ecef8360dfbacb8a3a
scripts/13_summarize_expanded_validation.py	9325	cdb0d16b748bba619bd1bfdecf05f9a03798d12a6fee15ab46814505a037cf0c
scripts/14_render_phase10B_validation_figures.R	13895	bf79464994dbc52b9be53eb8f766859983506570a008db0360b2dc60182d74e1
scripts/legacy_phase9A/05_validation_analysis.R	41496	d06047365c14069b45df56e71bd7213e3665c1c5a309bc32eafd4f7bf341e700
scripts/legacy_phase9A/07_validation_role_summaries.R	14771	430f5d25834259e2c75a71efea38407905846947460caa13f2d4548f3d23d730
scripts/verify_release.py	3294	c48f998f8ac971f3d9cb54efa50d7dd08d9e881b788dcc3c18f1400a2ff9f5e8
