dataset	context	pathway	NES	nominal_P	FDR	direction	evidence_role	n_numerator	n_denominator
GSE249415	B20-treated adaptive-resistance endpoint vs IgG control	HALLMARK_MTORC1_SIGNALING	-1.98726923718452	2.69080949904982e-08	1.68175593690614e-07	negative	additional sensitivity dataset; not discovery or primary validation	3	3
GSE249415	B20-treated adaptive-resistance endpoint vs IgG control	HALLMARK_UNFOLDED_PROTEIN_RESPONSE	-1.48146509704247	0.0141512359190311	0.0353780897975777	negative	additional sensitivity dataset; not discovery or primary validation	3	3
GSE249415	B20-treated adaptive-resistance endpoint vs IgG control	HALLMARK_INTERFERON_GAMMA_RESPONSE	1.35448634204829	0.021259104383578	0.0457135443257492	positive	additional sensitivity dataset; not discovery or primary validation	3	3
GSE249415	B20-treated adaptive-resistance endpoint vs IgG control	HALLMARK_INTERFERON_ALPHA_RESPONSE	1.72413658397776	0.00109019629956454	0.00545098149782268	positive	additional sensitivity dataset; not discovery or primary validation	3	3
GSE249415	B20-treated adaptive-resistance endpoint vs IgG control	HALLMARK_EPITHELIAL_MESENCHYMAL_TRANSITION	-1.12048981182064	0.193308550185874	0.235742134373017	negative	additional sensitivity dataset; not discovery or primary validation	3	3
GSE249415	B20-treated adaptive-resistance endpoint vs IgG control	HALLMARK_INFLAMMATORY_RESPONSE	1.47889201337037	0.00262944099406083	0.0101132345925417	positive	additional sensitivity dataset; not discovery or primary validation	3	3
GSE121153	sorafenib-resistant xenografts vs parental xenografts	HALLMARK_MTORC1_SIGNALING	2.18774069806264	2.51813543441947e-10	1.25906771720973e-08	positive	additional eligible sensitivity; not discovery or primary validation	5	3
GSE121153	sorafenib-resistant xenografts vs parental xenografts	HALLMARK_UNFOLDED_PROTEIN_RESPONSE	1.8788422770898	5.6004001129832e-05	0.000311133339610178	positive	additional eligible sensitivity; not discovery or primary validation	5	3
GSE121153	sorafenib-resistant xenografts vs parental xenografts	HALLMARK_INTERFERON_GAMMA_RESPONSE	-1.2247735784213	0.0798403193612774	0.107892323461186	negative	additional eligible sensitivity; not discovery or primary validation	5	3
GSE121153	sorafenib-resistant xenografts vs parental xenografts	HALLMARK_INTERFERON_ALPHA_RESPONSE	-1.633136441214	0.00122101135662945	0.00381566048946703	negative	additional eligible sensitivity; not discovery or primary validation	5	3
GSE121153	sorafenib-resistant xenografts vs parental xenografts	HALLMARK_EPITHELIAL_MESENCHYMAL_TRANSITION	1.8839133656296	1.20418961130548e-06	1.00349134275456e-05	positive	additional eligible sensitivity; not discovery or primary validation	5	3
GSE121153	sorafenib-resistant xenografts vs parental xenografts	HALLMARK_INFLAMMATORY_RESPONSE	1.95803682229726	1.50403111307254e-07	1.8696265331703e-06	positive	additional eligible sensitivity; not discovery or primary validation	5	3
GSE59476	day-28 bevacizumab-treated xenografts vs day-28 vehicle xenografts	HALLMARK_MTORC1_SIGNALING	1.79680776373522	2.78955913083095e-06	4.64926521805158e-05	positive	additional supportive sensitivity; n=2/group; not primary validation	2	2
GSE59476	day-28 bevacizumab-treated xenografts vs day-28 vehicle xenografts	HALLMARK_UNFOLDED_PROTEIN_RESPONSE	1.24197835104371	0.0862533692722372	0.134770889487871	positive	additional supportive sensitivity; n=2/group; not primary validation	2	2
GSE59476	day-28 bevacizumab-treated xenografts vs day-28 vehicle xenografts	HALLMARK_INTERFERON_GAMMA_RESPONSE	1.44763176465802	0.00303200357211994	0.0126333482171664	positive	additional supportive sensitivity; n=2/group; not primary validation	2	2
GSE59476	day-28 bevacizumab-treated xenografts vs day-28 vehicle xenografts	HALLMARK_INTERFERON_ALPHA_RESPONSE	-0.768052890493067	0.921974522292994	0.940790328870402	negative	additional supportive sensitivity; n=2/group; not primary validation	2	2
GSE59476	day-28 bevacizumab-treated xenografts vs day-28 vehicle xenografts	HALLMARK_EPITHELIAL_MESENCHYMAL_TRANSITION	2.12595998291572	3.11490182742909e-10	1.55745091371455e-08	positive	additional supportive sensitivity; n=2/group; not primary validation	2	2
GSE59476	day-28 bevacizumab-treated xenografts vs day-28 vehicle xenografts	HALLMARK_INFLAMMATORY_RESPONSE	1.5950260544936	0.000159596764383233	0.00113997688845166	positive	additional supportive sensitivity; n=2/group; not primary validation	2	2
GSE84048	sunitinib-resistant vs sunitinib-sensitive bulk tumors	HALLMARK_MTORC1_SIGNALING	1.44608147723607	0.00377084094562865	0.0174391862240732	positive	additional eligible sensitivity; not discovery or primary validation	4	4
GSE84048	sunitinib-resistant vs sunitinib-sensitive bulk tumors	HALLMARK_UNFOLDED_PROTEIN_RESPONSE	1.78110425607924	0.000120305371790984	0.0015038171473873	positive	additional eligible sensitivity; not discovery or primary validation	4	4
GSE84048	sunitinib-resistant vs sunitinib-sensitive bulk tumors	HALLMARK_INTERFERON_GAMMA_RESPONSE	1.77577161948875	4.67872681294346e-06	0.000193955953471037	positive	additional eligible sensitivity; not discovery or primary validation	4	4
GSE84048	sunitinib-resistant vs sunitinib-sensitive bulk tumors	HALLMARK_INTERFERON_ALPHA_RESPONSE	1.96879177087186	7.75823813884149e-06	0.000193955953471037	positive	additional eligible sensitivity; not discovery or primary validation	4	4
GSE84048	sunitinib-resistant vs sunitinib-sensitive bulk tumors	HALLMARK_EPITHELIAL_MESENCHYMAL_TRANSITION	-0.91725840509259	0.653799758745476	0.88949008034104	negative	additional eligible sensitivity; not discovery or primary validation	4	4
GSE84048	sunitinib-resistant vs sunitinib-sensitive bulk tumors	HALLMARK_INFLAMMATORY_RESPONSE	1.20776125981288	0.082691931532434	0.209769354588297	positive	additional eligible sensitivity; not discovery or primary validation	4	4
GSE84048	sunitinib-resistant vs sunitinib-sensitive endothelial fractions	HALLMARK_MTORC1_SIGNALING	1.61240834233063	0.000353910534175466	0.00252793238696761	positive	additional eligible sensitivity; not discovery or primary validation	4	4
GSE84048	sunitinib-resistant vs sunitinib-sensitive endothelial fractions	HALLMARK_UNFOLDED_PROTEIN_RESPONSE	1.49475776865475	0.00755065136984417	0.0343211425902008	positive	additional eligible sensitivity; not discovery or primary validation	4	4
GSE84048	sunitinib-resistant vs sunitinib-sensitive endothelial fractions	HALLMARK_INTERFERON_GAMMA_RESPONSE	1.69147739070952	4.51494774553783e-05	0.000451494774553783	positive	additional eligible sensitivity; not discovery or primary validation	4	4
GSE84048	sunitinib-resistant vs sunitinib-sensitive endothelial fractions	HALLMARK_INTERFERON_ALPHA_RESPONSE	1.87197499638511	4.05111953005412e-05	0.000451494774553783	positive	additional eligible sensitivity; not discovery or primary validation	4	4
GSE84048	sunitinib-resistant vs sunitinib-sensitive endothelial fractions	HALLMARK_EPITHELIAL_MESENCHYMAL_TRANSITION	-1.71656107983306	7.0930935230528e-05	0.000591091126921067	negative	additional eligible sensitivity; not discovery or primary validation	4	4
GSE84048	sunitinib-resistant vs sunitinib-sensitive endothelial fractions	HALLMARK_INFLAMMATORY_RESPONSE	0.785847145178177	0.963483146067416	1	positive	additional eligible sensitivity; not discovery or primary validation	4	4
GSE66346	KURC1 sunitinib-resistant xenografts vs KURC1 vehicle xenografts	HALLMARK_MTORC1_SIGNALING	-0.986388503700081	0.477157360406091	0.72896452206797	negative	additional supportive sensitivity; n=2/group; not primary validation	2	2
GSE66346	KURC1 sunitinib-resistant xenografts vs KURC1 vehicle xenografts	HALLMARK_UNFOLDED_PROTEIN_RESPONSE	1.25392443136332	0.100172711571675	0.26361239887283	positive	additional supportive sensitivity; n=2/group; not primary validation	2	2
GSE66346	KURC1 sunitinib-resistant xenografts vs KURC1 vehicle xenografts	HALLMARK_INTERFERON_GAMMA_RESPONSE	1.31039122161565	0.0440456769983687	0.137642740619902	positive	additional supportive sensitivity; n=2/group; not primary validation	2	2
GSE66346	KURC1 sunitinib-resistant xenografts vs KURC1 vehicle xenografts	HALLMARK_INTERFERON_ALPHA_RESPONSE	-0.805789361795164	0.851685393258427	0.925744992672203	negative	additional supportive sensitivity; n=2/group; not primary validation	2	2
GSE66346	KURC1 sunitinib-resistant xenografts vs KURC1 vehicle xenografts	HALLMARK_EPITHELIAL_MESENCHYMAL_TRANSITION	1.72396360118662	5.81117652520949e-05	0.000646132398378235	positive	additional supportive sensitivity; n=2/group; not primary validation	2	2
GSE66346	KURC1 sunitinib-resistant xenografts vs KURC1 vehicle xenografts	HALLMARK_INFLAMMATORY_RESPONSE	1.52481050900268	0.0021407375115442	0.0118929861752456	positive	additional supportive sensitivity; n=2/group; not primary validation	2	2
GSE207976	LSECs from bevacizumab-resistant vs bevacizumab-sensitive CRCLM xenografts	HALLMARK_MTORC1_SIGNALING	1.32805696619566	0.0275050535433784	0.0898498415750361	positive	additional eligible sensitivity; stromal endothelial compartment; not discovery or primary validation	3	3
GSE207976	LSECs from bevacizumab-resistant vs bevacizumab-sensitive CRCLM xenografts	HALLMARK_UNFOLDED_PROTEIN_RESPONSE	1.2284873724724	0.103313840155945	0.202495126705653	positive	additional eligible sensitivity; stromal endothelial compartment; not discovery or primary validation	3	3
GSE207976	LSECs from bevacizumab-resistant vs bevacizumab-sensitive CRCLM xenografts	HALLMARK_INTERFERON_GAMMA_RESPONSE	-3.13595196341588	2.08942687675801e-27	1.02381916961143e-25	negative	additional eligible sensitivity; stromal endothelial compartment; not discovery or primary validation	3	3
GSE207976	LSECs from bevacizumab-resistant vs bevacizumab-sensitive CRCLM xenografts	HALLMARK_INTERFERON_ALPHA_RESPONSE	-3.21012823378289	2.26493132162116e-21	5.54908173797184e-20	negative	additional eligible sensitivity; stromal endothelial compartment; not discovery or primary validation	3	3
GSE207976	LSECs from bevacizumab-resistant vs bevacizumab-sensitive CRCLM xenografts	HALLMARK_EPITHELIAL_MESENCHYMAL_TRANSITION	-1.03387650238943	0.384928716904277	0.496355450744989	negative	additional eligible sensitivity; stromal endothelial compartment; not discovery or primary validation	3	3
GSE207976	LSECs from bevacizumab-resistant vs bevacizumab-sensitive CRCLM xenografts	HALLMARK_INFLAMMATORY_RESPONSE	-2.02542912064383	2.98834157052638e-07	3.66071842389482e-06	negative	additional eligible sensitivity; stromal endothelial compartment; not discovery or primary validation	3	3
GSE221557	bevacizumab-resistant vs bevacizumab-sensitive HCT116 CRCLM xenografts	HALLMARK_MTORC1_SIGNALING	-1.21174420197397	0.115523465703971	0.213932343896243	negative	additional eligible sensitivity with archive-label caveat; not discovery or primary validation	3	3
GSE221557	bevacizumab-resistant vs bevacizumab-sensitive HCT116 CRCLM xenografts	HALLMARK_UNFOLDED_PROTEIN_RESPONSE	0.869240930762149	0.741794310722101	0.789142883746916	positive	additional eligible sensitivity with archive-label caveat; not discovery or primary validation	3	3
GSE221557	bevacizumab-resistant vs bevacizumab-sensitive HCT116 CRCLM xenografts	HALLMARK_INTERFERON_GAMMA_RESPONSE	1.73736527087442	0.00107089077070512	0.00591616751047957	positive	additional eligible sensitivity with archive-label caveat; not discovery or primary validation	3	3
GSE221557	bevacizumab-resistant vs bevacizumab-sensitive HCT116 CRCLM xenografts	HALLMARK_INTERFERON_ALPHA_RESPONSE	1.2925047890189	0.112765957446809	0.213932343896243	positive	additional eligible sensitivity with archive-label caveat; not discovery or primary validation	3	3
GSE221557	bevacizumab-resistant vs bevacizumab-sensitive HCT116 CRCLM xenografts	HALLMARK_EPITHELIAL_MESENCHYMAL_TRANSITION	1.33193924073056	0.0547670346726129	0.152130651868369	positive	additional eligible sensitivity with archive-label caveat; not discovery or primary validation	3	3
GSE221557	bevacizumab-resistant vs bevacizumab-sensitive HCT116 CRCLM xenografts	HALLMARK_INFLAMMATORY_RESPONSE	1.70824075157242	0.00118323350209591	0.00591616751047957	positive	additional eligible sensitivity with archive-label caveat; not discovery or primary validation	3	3
GSE132568	in-vivo-derived axitinib-resistant 4T1 cells vs parental 4T1 cells	HALLMARK_MTORC1_SIGNALING	1.9378353708023	2.57050968006836e-07	4.19849914411165e-06	positive	additional eligible sensitivity with ex-vivo-maintenance limitation; not discovery or primary validation	3	3
GSE132568	in-vivo-derived axitinib-resistant 4T1 cells vs parental 4T1 cells	HALLMARK_UNFOLDED_PROTEIN_RESPONSE	-0.87803650052488	0.711453744493392	0.721132897603486	negative	additional eligible sensitivity with ex-vivo-maintenance limitation; not discovery or primary validation	3	3
GSE132568	in-vivo-derived axitinib-resistant 4T1 cells vs parental 4T1 cells	HALLMARK_INTERFERON_GAMMA_RESPONSE	2.41933823463654	4.14015716499043e-14	1.01433850542265e-12	positive	additional eligible sensitivity with ex-vivo-maintenance limitation; not discovery or primary validation	3	3
GSE132568	in-vivo-derived axitinib-resistant 4T1 cells vs parental 4T1 cells	HALLMARK_INTERFERON_ALPHA_RESPONSE	2.86799072581636	4.21279084871401e-20	2.06426751586986e-18	positive	additional eligible sensitivity with ex-vivo-maintenance limitation; not discovery or primary validation	3	3
GSE132568	in-vivo-derived axitinib-resistant 4T1 cells vs parental 4T1 cells	HALLMARK_EPITHELIAL_MESENCHYMAL_TRANSITION	-1.39367911374079	0.0183638046758883	0.0374927678799387	negative	additional eligible sensitivity with ex-vivo-maintenance limitation; not discovery or primary validation	3	3
GSE132568	in-vivo-derived axitinib-resistant 4T1 cells vs parental 4T1 cells	HALLMARK_INFLAMMATORY_RESPONSE	1.33035908429745	0.0517560073937153	0.0857912457912458	positive	additional eligible sensitivity with ex-vivo-maintenance limitation; not discovery or primary validation	3	3
GSE328515	acquired lenvatinib-resistant vs lenvatinib-sensitive H22 tumors	HALLMARK_MTORC1_SIGNALING	1.73459430372888	6.1309640342096e-05	0.000254348150665757	positive	additional eligible sensitivity; independent in-vivo HCC model; not discovery or primary validation	3	3
GSE328515	acquired lenvatinib-resistant vs lenvatinib-sensitive H22 tumors	HALLMARK_UNFOLDED_PROTEIN_RESPONSE	1.45684327608409	0.0143179734128998	0.0275345642555766	positive	additional eligible sensitivity; independent in-vivo HCC model; not discovery or primary validation	3	3
GSE328515	acquired lenvatinib-resistant vs lenvatinib-sensitive H22 tumors	HALLMARK_INTERFERON_GAMMA_RESPONSE	-2.97789737228562	2.08774657382667e-25	1.04387328691333e-23	negative	additional eligible sensitivity; independent in-vivo HCC model; not discovery or primary validation	3	3
GSE328515	acquired lenvatinib-resistant vs lenvatinib-sensitive H22 tumors	HALLMARK_INTERFERON_ALPHA_RESPONSE	-2.64622515462437	4.27910493386458e-13	4.27910493386458e-12	negative	additional eligible sensitivity; independent in-vivo HCC model; not discovery or primary validation	3	3
GSE328515	acquired lenvatinib-resistant vs lenvatinib-sensitive H22 tumors	HALLMARK_EPITHELIAL_MESENCHYMAL_TRANSITION	1.87041702760552	7.25402046080434e-06	3.83995221483263e-05	positive	additional eligible sensitivity; independent in-vivo HCC model; not discovery or primary validation	3	3
GSE328515	acquired lenvatinib-resistant vs lenvatinib-sensitive H22 tumors	HALLMARK_INFLAMMATORY_RESPONSE	-2.07438362899234	5.04450602875763e-08	3.60321859196974e-07	negative	additional eligible sensitivity; independent in-vivo HCC model; not discovery or primary validation	3	3
GSE78698	long-term vs short-term nintedanib-exposed sorted tumor cells	HALLMARK_MTORC1_SIGNALING	1.35655464773262	0.0188021361432841	0.0427321275983731	positive	additional eligible sensitivity; sorted tumor compartment; not discovery or primary validation	5	4
GSE78698	long-term vs short-term nintedanib-exposed sorted tumor cells	HALLMARK_UNFOLDED_PROTEIN_RESPONSE	-1.12864586176667	0.198044009779951	0.247555012224939	negative	additional eligible sensitivity; sorted tumor compartment; not discovery or primary validation	5	4
GSE78698	long-term vs short-term nintedanib-exposed sorted tumor cells	HALLMARK_INTERFERON_GAMMA_RESPONSE	1.1764415235964	0.13946117274168	0.205089959914235	positive	additional eligible sensitivity; sorted tumor compartment; not discovery or primary validation	5	4
GSE78698	long-term vs short-term nintedanib-exposed sorted tumor cells	HALLMARK_INTERFERON_ALPHA_RESPONSE	-1.1795873825484	0.162352941176471	0.225490196078431	negative	additional eligible sensitivity; sorted tumor compartment; not discovery or primary validation	5	4
GSE78698	long-term vs short-term nintedanib-exposed sorted tumor cells	HALLMARK_EPITHELIAL_MESENCHYMAL_TRANSITION	-1.92202519059891	1.08568575164869e-07	1.08568575164869e-06	negative	additional eligible sensitivity; sorted tumor compartment; not discovery or primary validation	5	4
GSE78698	long-term vs short-term nintedanib-exposed sorted tumor cells	HALLMARK_INFLAMMATORY_RESPONSE	-1.21318092687412	0.0879120879120879	0.151572565365669	negative	additional eligible sensitivity; sorted tumor compartment; not discovery or primary validation	5	4
GSE78698	long-term vs short-term nintedanib-exposed sorted tumor endothelial cells	HALLMARK_MTORC1_SIGNALING	2.27038695710895	7.68465462977064e-12	9.6058182872133e-11	positive	additional eligible sensitivity; sorted endothelial compartment; not discovery or primary validation	5	3
GSE78698	long-term vs short-term nintedanib-exposed sorted tumor endothelial cells	HALLMARK_UNFOLDED_PROTEIN_RESPONSE	1.97308122922691	6.82624543857203e-06	3.10283883571456e-05	positive	additional eligible sensitivity; sorted endothelial compartment; not discovery or primary validation	5	3
GSE78698	long-term vs short-term nintedanib-exposed sorted tumor endothelial cells	HALLMARK_INTERFERON_GAMMA_RESPONSE	1.15346766740985	0.166311300639659	0.277185501066098	positive	additional eligible sensitivity; sorted endothelial compartment; not discovery or primary validation	5	3
GSE78698	long-term vs short-term nintedanib-exposed sorted tumor endothelial cells	HALLMARK_INTERFERON_ALPHA_RESPONSE	-1.0566229504967	0.341772151898734	0.461854259322614	negative	additional eligible sensitivity; sorted endothelial compartment; not discovery or primary validation	5	3
GSE78698	long-term vs short-term nintedanib-exposed sorted tumor endothelial cells	HALLMARK_EPITHELIAL_MESENCHYMAL_TRANSITION	-1.9196452894641	1.96180318669774e-07	1.22612699168609e-06	negative	additional eligible sensitivity; sorted endothelial compartment; not discovery or primary validation	5	3
GSE78698	long-term vs short-term nintedanib-exposed sorted tumor endothelial cells	HALLMARK_INFLAMMATORY_RESPONSE	0.974839684091325	0.505219206680585	0.588723861637678	positive	additional eligible sensitivity; sorted endothelial compartment; not discovery or primary validation	5	3
GSE80778	B20 anti-VEGF resistance-associated endpoint vs vehicle endpoint	HALLMARK_MTORC1_SIGNALING	0.973513008206227	0.535087719298246	0.581617086193745	positive	additional supportive sensitivity; treatment/escape conflation; not primary validation	4	3
GSE80778	B20 anti-VEGF resistance-associated endpoint vs vehicle endpoint	HALLMARK_UNFOLDED_PROTEIN_RESPONSE	-1.08853463204458	0.3152	0.375238095238095	negative	additional supportive sensitivity; treatment/escape conflation; not primary validation	4	3
GSE80778	B20 anti-VEGF resistance-associated endpoint vs vehicle endpoint	HALLMARK_INTERFERON_GAMMA_RESPONSE	3.19831152287391	1.23381301569293e-31	6.16906507846465e-30	positive	additional supportive sensitivity; treatment/escape conflation; not primary validation	4	3
GSE80778	B20 anti-VEGF resistance-associated endpoint vs vehicle endpoint	HALLMARK_INTERFERON_ALPHA_RESPONSE	3.19378551913144	7.37803319747884e-25	1.22967219957981e-23	positive	additional supportive sensitivity; treatment/escape conflation; not primary validation	4	3
GSE80778	B20 anti-VEGF resistance-associated endpoint vs vehicle endpoint	HALLMARK_EPITHELIAL_MESENCHYMAL_TRANSITION	-1.66038159944804	8.65486985099403e-05	0.000324401252018242	negative	additional supportive sensitivity; treatment/escape conflation; not primary validation	4	3
GSE80778	B20 anti-VEGF resistance-associated endpoint vs vehicle endpoint	HALLMARK_INFLAMMATORY_RESPONSE	1.95008545378834	1.89806450796268e-07	1.25390948134264e-06	positive	additional supportive sensitivity; treatment/escape conflation; not primary validation	4	3
GSE80778	nintedanib resistance-associated endpoint vs vehicle endpoint	HALLMARK_MTORC1_SIGNALING	-1.39303311262478	0.0138668503465569	0.0277337006931137	negative	additional supportive sensitivity; treatment/escape conflation; not primary validation	4	3
GSE80778	nintedanib resistance-associated endpoint vs vehicle endpoint	HALLMARK_UNFOLDED_PROTEIN_RESPONSE	-1.43152350937455	0.016540980363652	0.0295374649350929	negative	additional supportive sensitivity; treatment/escape conflation; not primary validation	4	3
GSE80778	nintedanib resistance-associated endpoint vs vehicle endpoint	HALLMARK_INTERFERON_GAMMA_RESPONSE	3.61982370956494	8.7389585077887e-52	4.36947925389435e-50	positive	additional supportive sensitivity; treatment/escape conflation; not primary validation	4	3
GSE80778	nintedanib resistance-associated endpoint vs vehicle endpoint	HALLMARK_INTERFERON_ALPHA_RESPONSE	3.47069387177534	3.42601967562137e-35	4.28252459452671e-34	positive	additional supportive sensitivity; treatment/escape conflation; not primary validation	4	3
GSE80778	nintedanib resistance-associated endpoint vs vehicle endpoint	HALLMARK_EPITHELIAL_MESENCHYMAL_TRANSITION	1.05947240256401	0.3125	0.38109756097561	positive	additional supportive sensitivity; treatment/escape conflation; not primary validation	4	3
GSE80778	nintedanib resistance-associated endpoint vs vehicle endpoint	HALLMARK_INFLAMMATORY_RESPONSE	2.19346194151532	2.45677284412067e-10	1.36487380228926e-09	positive	additional supportive sensitivity; treatment/escape conflation; not primary validation	4	3
