contrast_id	contrast_id_2	spearman_rho	contrast_display_1	contrast_display_2
GSE76068_tumor_Escape_vs_Response	GSE76068_tumor_Escape_vs_Response	1	GSE76068 | Tumor | Escape vs response	GSE76068 | Tumor | Escape vs response
GSE76068_stroma_Escape_vs_Response	GSE76068_tumor_Escape_vs_Response	0.180120048019208	GSE76068 | Stroma | Escape vs response	GSE76068 | Tumor | Escape vs response
GSE73571_tumor_Resistant_vs_Sensitive	GSE76068_tumor_Escape_vs_Response	-0.117791116446579	GSE73571 | Tumor | Resistant vs sensitive	GSE76068 | Tumor | Escape vs response
GSE180687_endothelial_Resistant_vs_Sensitive	GSE76068_tumor_Escape_vs_Response	0.176182472989196	GSE180687 | Endothelial | Resistant vs sensitive	GSE76068 | Tumor | Escape vs response
GSE64472_stroma_Cediranib_resistant_vs_sensitive	GSE76068_tumor_Escape_vs_Response	-0.0660264105642257	GSE64472 | Stroma | Cediranib-R vs sensitive	GSE76068 | Tumor | Escape vs response
GSE64472_stroma_Vandetanib_resistant_vs_sensitive	GSE76068_tumor_Escape_vs_Response	0.345018007202881	GSE64472 | Stroma | Vandetanib-R vs sensitive	GSE76068 | Tumor | Escape vs response
GSE26644_tumor_Bevacizumab_resistant_vs_vehicle	GSE76068_tumor_Escape_vs_Response	-0.245042016806723	GSE26644 | Tumor | Bevacizumab-R vs vehicle	GSE76068 | Tumor | Escape vs response
GSE26644_stroma_Bevacizumab_resistant_vs_vehicle	GSE76068_tumor_Escape_vs_Response	-0.201824729891957	GSE26644 | Stroma | Bevacizumab-R vs vehicle	GSE76068 | Tumor | Escape vs response
GSE76068_tumor_Escape_vs_Response	GSE76068_stroma_Escape_vs_Response	0.180120048019208	GSE76068 | Tumor | Escape vs response	GSE76068 | Stroma | Escape vs response
GSE76068_stroma_Escape_vs_Response	GSE76068_stroma_Escape_vs_Response	1	GSE76068 | Stroma | Escape vs response	GSE76068 | Stroma | Escape vs response
GSE73571_tumor_Resistant_vs_Sensitive	GSE76068_stroma_Escape_vs_Response	0.098391356542617	GSE73571 | Tumor | Resistant vs sensitive	GSE76068 | Stroma | Escape vs response
GSE180687_endothelial_Resistant_vs_Sensitive	GSE76068_stroma_Escape_vs_Response	-0.0578631452581032	GSE180687 | Endothelial | Resistant vs sensitive	GSE76068 | Stroma | Escape vs response
GSE64472_stroma_Cediranib_resistant_vs_sensitive	GSE76068_stroma_Escape_vs_Response	-0.222280912364946	GSE64472 | Stroma | Cediranib-R vs sensitive	GSE76068 | Stroma | Escape vs response
GSE64472_stroma_Vandetanib_resistant_vs_sensitive	GSE76068_stroma_Escape_vs_Response	-0.012436974789916	GSE64472 | Stroma | Vandetanib-R vs sensitive	GSE76068 | Stroma | Escape vs response
GSE26644_tumor_Bevacizumab_resistant_vs_vehicle	GSE76068_stroma_Escape_vs_Response	-0.117214885954382	GSE26644 | Tumor | Bevacizumab-R vs vehicle	GSE76068 | Stroma | Escape vs response
GSE26644_stroma_Bevacizumab_resistant_vs_vehicle	GSE76068_stroma_Escape_vs_Response	0.292292917166867	GSE26644 | Stroma | Bevacizumab-R vs vehicle	GSE76068 | Stroma | Escape vs response
GSE76068_tumor_Escape_vs_Response	GSE73571_tumor_Resistant_vs_Sensitive	-0.117791116446579	GSE76068 | Tumor | Escape vs response	GSE73571 | Tumor | Resistant vs sensitive
GSE76068_stroma_Escape_vs_Response	GSE73571_tumor_Resistant_vs_Sensitive	0.098391356542617	GSE76068 | Stroma | Escape vs response	GSE73571 | Tumor | Resistant vs sensitive
GSE73571_tumor_Resistant_vs_Sensitive	GSE73571_tumor_Resistant_vs_Sensitive	1	GSE73571 | Tumor | Resistant vs sensitive	GSE73571 | Tumor | Resistant vs sensitive
GSE180687_endothelial_Resistant_vs_Sensitive	GSE73571_tumor_Resistant_vs_Sensitive	-0.392845138055222	GSE180687 | Endothelial | Resistant vs sensitive	GSE73571 | Tumor | Resistant vs sensitive
GSE64472_stroma_Cediranib_resistant_vs_sensitive	GSE73571_tumor_Resistant_vs_Sensitive	-0.546314525810324	GSE64472 | Stroma | Cediranib-R vs sensitive	GSE73571 | Tumor | Resistant vs sensitive
GSE64472_stroma_Vandetanib_resistant_vs_sensitive	GSE73571_tumor_Resistant_vs_Sensitive	-0.368163265306122	GSE64472 | Stroma | Vandetanib-R vs sensitive	GSE73571 | Tumor | Resistant vs sensitive
GSE26644_tumor_Bevacizumab_resistant_vs_vehicle	GSE73571_tumor_Resistant_vs_Sensitive	0.196638655462185	GSE26644 | Tumor | Bevacizumab-R vs vehicle	GSE73571 | Tumor | Resistant vs sensitive
GSE26644_stroma_Bevacizumab_resistant_vs_vehicle	GSE73571_tumor_Resistant_vs_Sensitive	0.270012004801921	GSE26644 | Stroma | Bevacizumab-R vs vehicle	GSE73571 | Tumor | Resistant vs sensitive
GSE76068_tumor_Escape_vs_Response	GSE180687_endothelial_Resistant_vs_Sensitive	0.176182472989196	GSE76068 | Tumor | Escape vs response	GSE180687 | Endothelial | Resistant vs sensitive
GSE76068_stroma_Escape_vs_Response	GSE180687_endothelial_Resistant_vs_Sensitive	-0.0578631452581032	GSE76068 | Stroma | Escape vs response	GSE180687 | Endothelial | Resistant vs sensitive
GSE73571_tumor_Resistant_vs_Sensitive	GSE180687_endothelial_Resistant_vs_Sensitive	-0.392845138055222	GSE73571 | Tumor | Resistant vs sensitive	GSE180687 | Endothelial | Resistant vs sensitive
GSE180687_endothelial_Resistant_vs_Sensitive	GSE180687_endothelial_Resistant_vs_Sensitive	1	GSE180687 | Endothelial | Resistant vs sensitive	GSE180687 | Endothelial | Resistant vs sensitive
GSE64472_stroma_Cediranib_resistant_vs_sensitive	GSE180687_endothelial_Resistant_vs_Sensitive	0.295750300120048	GSE64472 | Stroma | Cediranib-R vs sensitive	GSE180687 | Endothelial | Resistant vs sensitive
GSE64472_stroma_Vandetanib_resistant_vs_sensitive	GSE180687_endothelial_Resistant_vs_Sensitive	0.622569027611044	GSE64472 | Stroma | Vandetanib-R vs sensitive	GSE180687 | Endothelial | Resistant vs sensitive
GSE26644_tumor_Bevacizumab_resistant_vs_vehicle	GSE180687_endothelial_Resistant_vs_Sensitive	0.00139255702280912	GSE26644 | Tumor | Bevacizumab-R vs vehicle	GSE180687 | Endothelial | Resistant vs sensitive
GSE26644_stroma_Bevacizumab_resistant_vs_vehicle	GSE180687_endothelial_Resistant_vs_Sensitive	-0.207490996398559	GSE26644 | Stroma | Bevacizumab-R vs vehicle	GSE180687 | Endothelial | Resistant vs sensitive
GSE76068_tumor_Escape_vs_Response	GSE64472_stroma_Cediranib_resistant_vs_sensitive	-0.0660264105642257	GSE76068 | Tumor | Escape vs response	GSE64472 | Stroma | Cediranib-R vs sensitive
GSE76068_stroma_Escape_vs_Response	GSE64472_stroma_Cediranib_resistant_vs_sensitive	-0.222280912364946	GSE76068 | Stroma | Escape vs response	GSE64472 | Stroma | Cediranib-R vs sensitive
GSE73571_tumor_Resistant_vs_Sensitive	GSE64472_stroma_Cediranib_resistant_vs_sensitive	-0.546314525810324	GSE73571 | Tumor | Resistant vs sensitive	GSE64472 | Stroma | Cediranib-R vs sensitive
GSE180687_endothelial_Resistant_vs_Sensitive	GSE64472_stroma_Cediranib_resistant_vs_sensitive	0.295750300120048	GSE180687 | Endothelial | Resistant vs sensitive	GSE64472 | Stroma | Cediranib-R vs sensitive
GSE64472_stroma_Cediranib_resistant_vs_sensitive	GSE64472_stroma_Cediranib_resistant_vs_sensitive	1	GSE64472 | Stroma | Cediranib-R vs sensitive	GSE64472 | Stroma | Cediranib-R vs sensitive
GSE64472_stroma_Vandetanib_resistant_vs_sensitive	GSE64472_stroma_Cediranib_resistant_vs_sensitive	0.507611044417767	GSE64472 | Stroma | Vandetanib-R vs sensitive	GSE64472 | Stroma | Cediranib-R vs sensitive
GSE26644_tumor_Bevacizumab_resistant_vs_vehicle	GSE64472_stroma_Cediranib_resistant_vs_sensitive	-0.184729891956783	GSE26644 | Tumor | Bevacizumab-R vs vehicle	GSE64472 | Stroma | Cediranib-R vs sensitive
GSE26644_stroma_Bevacizumab_resistant_vs_vehicle	GSE64472_stroma_Cediranib_resistant_vs_sensitive	-0.627947178871549	GSE26644 | Stroma | Bevacizumab-R vs vehicle	GSE64472 | Stroma | Cediranib-R vs sensitive
GSE76068_tumor_Escape_vs_Response	GSE64472_stroma_Vandetanib_resistant_vs_sensitive	0.345018007202881	GSE76068 | Tumor | Escape vs response	GSE64472 | Stroma | Vandetanib-R vs sensitive
GSE76068_stroma_Escape_vs_Response	GSE64472_stroma_Vandetanib_resistant_vs_sensitive	-0.012436974789916	GSE76068 | Stroma | Escape vs response	GSE64472 | Stroma | Vandetanib-R vs sensitive
GSE73571_tumor_Resistant_vs_Sensitive	GSE64472_stroma_Vandetanib_resistant_vs_sensitive	-0.368163265306122	GSE73571 | Tumor | Resistant vs sensitive	GSE64472 | Stroma | Vandetanib-R vs sensitive
GSE180687_endothelial_Resistant_vs_Sensitive	GSE64472_stroma_Vandetanib_resistant_vs_sensitive	0.622569027611044	GSE180687 | Endothelial | Resistant vs sensitive	GSE64472 | Stroma | Vandetanib-R vs sensitive
GSE64472_stroma_Cediranib_resistant_vs_sensitive	GSE64472_stroma_Vandetanib_resistant_vs_sensitive	0.507611044417767	GSE64472 | Stroma | Cediranib-R vs sensitive	GSE64472 | Stroma | Vandetanib-R vs sensitive
GSE64472_stroma_Vandetanib_resistant_vs_sensitive	GSE64472_stroma_Vandetanib_resistant_vs_sensitive	1	GSE64472 | Stroma | Vandetanib-R vs sensitive	GSE64472 | Stroma | Vandetanib-R vs sensitive
GSE26644_tumor_Bevacizumab_resistant_vs_vehicle	GSE64472_stroma_Vandetanib_resistant_vs_sensitive	-0.348475390156062	GSE26644 | Tumor | Bevacizumab-R vs vehicle	GSE64472 | Stroma | Vandetanib-R vs sensitive
GSE26644_stroma_Bevacizumab_resistant_vs_vehicle	GSE64472_stroma_Vandetanib_resistant_vs_sensitive	-0.501656662665066	GSE26644 | Stroma | Bevacizumab-R vs vehicle	GSE64472 | Stroma | Vandetanib-R vs sensitive
GSE76068_tumor_Escape_vs_Response	GSE26644_tumor_Bevacizumab_resistant_vs_vehicle	-0.245042016806723	GSE76068 | Tumor | Escape vs response	GSE26644 | Tumor | Bevacizumab-R vs vehicle
GSE76068_stroma_Escape_vs_Response	GSE26644_tumor_Bevacizumab_resistant_vs_vehicle	-0.117214885954382	GSE76068 | Stroma | Escape vs response	GSE26644 | Tumor | Bevacizumab-R vs vehicle
GSE73571_tumor_Resistant_vs_Sensitive	GSE26644_tumor_Bevacizumab_resistant_vs_vehicle	0.196638655462185	GSE73571 | Tumor | Resistant vs sensitive	GSE26644 | Tumor | Bevacizumab-R vs vehicle
GSE180687_endothelial_Resistant_vs_Sensitive	GSE26644_tumor_Bevacizumab_resistant_vs_vehicle	0.00139255702280912	GSE180687 | Endothelial | Resistant vs sensitive	GSE26644 | Tumor | Bevacizumab-R vs vehicle
GSE64472_stroma_Cediranib_resistant_vs_sensitive	GSE26644_tumor_Bevacizumab_resistant_vs_vehicle	-0.184729891956783	GSE64472 | Stroma | Cediranib-R vs sensitive	GSE26644 | Tumor | Bevacizumab-R vs vehicle
GSE64472_stroma_Vandetanib_resistant_vs_sensitive	GSE26644_tumor_Bevacizumab_resistant_vs_vehicle	-0.348475390156062	GSE64472 | Stroma | Vandetanib-R vs sensitive	GSE26644 | Tumor | Bevacizumab-R vs vehicle
GSE26644_tumor_Bevacizumab_resistant_vs_vehicle	GSE26644_tumor_Bevacizumab_resistant_vs_vehicle	1	GSE26644 | Tumor | Bevacizumab-R vs vehicle	GSE26644 | Tumor | Bevacizumab-R vs vehicle
GSE26644_stroma_Bevacizumab_resistant_vs_vehicle	GSE26644_tumor_Bevacizumab_resistant_vs_vehicle	0.385642256902761	GSE26644 | Stroma | Bevacizumab-R vs vehicle	GSE26644 | Tumor | Bevacizumab-R vs vehicle
GSE76068_tumor_Escape_vs_Response	GSE26644_stroma_Bevacizumab_resistant_vs_vehicle	-0.201824729891957	GSE76068 | Tumor | Escape vs response	GSE26644 | Stroma | Bevacizumab-R vs vehicle
GSE76068_stroma_Escape_vs_Response	GSE26644_stroma_Bevacizumab_resistant_vs_vehicle	0.292292917166867	GSE76068 | Stroma | Escape vs response	GSE26644 | Stroma | Bevacizumab-R vs vehicle
GSE73571_tumor_Resistant_vs_Sensitive	GSE26644_stroma_Bevacizumab_resistant_vs_vehicle	0.270012004801921	GSE73571 | Tumor | Resistant vs sensitive	GSE26644 | Stroma | Bevacizumab-R vs vehicle
GSE180687_endothelial_Resistant_vs_Sensitive	GSE26644_stroma_Bevacizumab_resistant_vs_vehicle	-0.207490996398559	GSE180687 | Endothelial | Resistant vs sensitive	GSE26644 | Stroma | Bevacizumab-R vs vehicle
GSE64472_stroma_Cediranib_resistant_vs_sensitive	GSE26644_stroma_Bevacizumab_resistant_vs_vehicle	-0.627947178871549	GSE64472 | Stroma | Cediranib-R vs sensitive	GSE26644 | Stroma | Bevacizumab-R vs vehicle
GSE64472_stroma_Vandetanib_resistant_vs_sensitive	GSE26644_stroma_Bevacizumab_resistant_vs_vehicle	-0.501656662665066	GSE64472 | Stroma | Vandetanib-R vs sensitive	GSE26644 | Stroma | Bevacizumab-R vs vehicle
GSE26644_tumor_Bevacizumab_resistant_vs_vehicle	GSE26644_stroma_Bevacizumab_resistant_vs_vehicle	0.385642256902761	GSE26644 | Tumor | Bevacizumab-R vs vehicle	GSE26644 | Stroma | Bevacizumab-R vs vehicle
GSE26644_stroma_Bevacizumab_resistant_vs_vehicle	GSE26644_stroma_Bevacizumab_resistant_vs_vehicle	1	GSE26644 | Stroma | Bevacizumab-R vs vehicle	GSE26644 | Stroma | Bevacizumab-R vs vehicle
