contrast_ID	dataset	numerator	denominator	interpretation	design	evidence_tier	nested_experimental_system	manuscript_role
GSE76068_tumor_Escape_vs_Response	GSE76068	escape	response	tumor change associated with escape after response	fixed BR1-BR4 block plus state	Layer 1 Tier A	GSE76068_RCC_PDX_sunitinib	discovery core
GSE76068_stroma_Escape_vs_Response	GSE76068	escape	response	mouse-stromal change associated with escape after response	fixed BR1-BR4 block plus state	Layer 1 Tier A	GSE76068_RCC_PDX_sunitinib	discovery core
GSE73571_tumor_Resistant_vs_Sensitive	GSE73571	sorafenib acquired-resistant	sorafenib-sensitive	experimental sorafenib-resistance-associated difference	unpaired	Layer 1 Tier A	GSE73571_HCC_xenograft_sorafenib	discovery core
GSE180687_endothelial_Resistant_vs_Sensitive	GSE180687	B20-resistant	B20-sensitive	endothelial experimental resistance-associated difference	unpaired	Layer 1 Tier A	GSE180687_OVCA_xenograft_B20	discovery core
GSE64472_stroma_Cediranib_resistant_vs_sensitive	GSE64472	cediranib-resistant	cediranib-sensitive	mouse-stromal cediranib-resistance-associated difference	unpaired	Layer 1 Tier A	GSE64472_NSCLC_xenograft_stroma	discovery core
GSE64472_stroma_Vandetanib_resistant_vs_sensitive	GSE64472	vandetanib-resistant	vandetanib-sensitive	mouse-stromal vandetanib-resistance-associated difference	unpaired	Layer 1 Tier A	GSE64472_NSCLC_xenograft_stroma	discovery core
GSE26644_tumor_Bevacizumab_resistant_vs_vehicle	GSE26644	bevacizumab-resistant	PBS vehicle	tumor endpoint association mixing resistance with treatment/time effects	unpaired	Layer 1 Tier B	GSE26644_NSCLC_xenograft_bevacizumab	discovery core
GSE26644_stroma_Bevacizumab_resistant_vs_vehicle	GSE26644	bevacizumab-resistant	PBS vehicle	mouse-stromal endpoint association mixing resistance with treatment/time effects	unpaired	Layer 1 Tier B	GSE26644_NSCLC_xenograft_bevacizumab	discovery core
GSE76068_tumor_Response_vs_Pretreatment	GSE76068	response	pretreatment	tumor early treatment-response change	fixed BR1-BR4 block plus state	Temporal/supportive	GSE76068_RCC_PDX_sunitinib	temporal support
GSE76068_tumor_Escape_vs_Pretreatment	GSE76068	escape	pretreatment	tumor accumulated change from baseline to escape	fixed BR1-BR4 block plus state	Temporal/supportive	GSE76068_RCC_PDX_sunitinib	temporal support
GSE76068_stroma_Response_vs_Pretreatment	GSE76068	response	pretreatment	mouse-stromal early treatment-response change	fixed BR1-BR4 block plus state	Temporal/supportive	GSE76068_RCC_PDX_sunitinib	temporal support
GSE76068_stroma_Escape_vs_Pretreatment	GSE76068	escape	pretreatment	mouse-stromal accumulated change from baseline to escape	fixed BR1-BR4 block plus state	Temporal/supportive	GSE76068_RCC_PDX_sunitinib	temporal support
GSE81465_G9_vs_G1	GSE81465	late resistant G9	early responsive G1	serial resistance-state difference	unpaired; replicate independence ambiguous	Layer 2 supportive-only	GSE81465_U87_bevacizumab_generational	supportive serial-state evidence; replicate independence unresolved
GSE64052_786O_sorafenib_resistant_vs_untreated	GSE64052	resistant during continued sorafenib	untreated baseline	formal external validation of the frozen six-program panel	unpaired	Layer 2 Tier B	GSE64052_RCC_xenograft_family	final external validation
GSE64052_786O_sunitinib_resistant_vs_untreated	GSE64052	resistant during continued sunitinib	untreated baseline	formal external validation of the frozen six-program panel	unpaired	Layer 2 Tier B	GSE64052_RCC_xenograft_family	final external validation
GSE64052_A498_sorafenib_resistant_vs_untreated	GSE64052	resistant during continued sorafenib	untreated baseline	formal external validation of the frozen six-program panel	unpaired	Layer 2 Tier B	GSE64052_RCC_xenograft_family	final external validation
GSE86525_HT29_bevacizumab_resistant_vs_control	GSE86525	bevacizumab-treated resistant/escape endpoint	untreated control	formal external validation of the frozen six-program panel	unpaired	Layer 2 Tier B	GSE86525_HT29_bevacizumab	final external validation
GSE81465_G1_vs_IgG	GSE81465	early response G1	IgG control	early serial treatment-state difference	unpaired; replicate independence ambiguous	Layer 2 supportive	GSE81465_U87_bevacizumab_generational	supportive serial-state evidence; replicate independence unresolved
GSE81465_G4_vs_IgG	GSE81465	intermediate adaptation G4	IgG control	intermediate serial treatment-state difference	unpaired; replicate independence ambiguous	Layer 2 supportive	GSE81465_U87_bevacizumab_generational	supportive serial-state evidence; replicate independence unresolved
GSE81465_G9_vs_IgG	GSE81465	late resistant G9	IgG control	late serial treatment-state difference	unpaired; replicate independence ambiguous	Layer 2 supportive	GSE81465_U87_bevacizumab_generational	supportive serial-state evidence; replicate independence unresolved
GSE45161_NSC11R_vs_parental_control	GSE45161	NSC11 resistant derivative	parental untreated	directional resistant-derivative comparison	unpaired	Layer 2 supportive-only	GSE45161_NSC11_derivative	directional support only
GSE45161_NSC11R_vs_parental_bevacizumab	GSE45161	NSC11 resistant derivative	parental bevacizumab	directional resistant-derivative comparison	unpaired	Layer 2 supportive-only	GSE45161_NSC11_derivative	directional support only
GSE45161_U87R_vs_parental_control	GSE45161	U87 resistant derivative	parental untreated	directional resistant-derivative comparison	unpaired	Layer 2 supportive-only	GSE45161_U87_derivative	directional support only
GSE45161_U87R_vs_parental_bevacizumab	GSE45161	U87 resistant derivative	parental bevacizumab	directional resistant-derivative comparison	unpaired	Layer 2 supportive-only	GSE45161_U87_derivative	directional support only
GSE79671_H1_Responder_Post_vs_Pre	GSE79671	progression after initial objective response	pretreatment within responder	paired longitudinal acquired-adaptation proxy	patient fixed effect plus time	Layer 3 Level 1	GSE79671_GBM_bevacizumab_containing	primary human longitudinal
GSE79671_H2_NonResponder_Post_vs_Pre	GSE79671	progression in patients without objective response	pretreatment within non-responder	paired longitudinal non-response trajectory	patient fixed effect plus time	Layer 3 Level 2	GSE79671_GBM_bevacizumab_containing	secondary human longitudinal
GSE79671_H3_Responder_change_vs_NonResponder_change	GSE79671	responder post-minus-pre change	non-responder post-minus-pre change	response-history-by-time difference	patient fixed effects plus group-specific post slopes	Layer 3 Level 2	GSE79671_GBM_bevacizumab_containing	primary human interaction
GSE79671_H4_Responder_Pre_vs_NonResponder_Pre	GSE79671	responder pretreatment	non-responder pretreatment	baseline response-associated difference	unpaired baseline with batch covariate	Layer 3 exploratory	GSE79671_GBM_bevacizumab_containing	supportive exploratory
GSE37138_program_vs_week12_tumor_shrinkage	GSE37138	baseline program score	continuous Week-12 tumor shrinkage	baseline clinical association	Spearman correlation plus 2,000-resample bootstrap CI	Layer 3 Level 3	GSE37138_NSCLC_bevacizumab_erlotinib	supportive baseline association
GSE37138_program_vs_week12_DCR	GSE37138	disease-control-success baseline score	disease-control-failure baseline score	secondary baseline clinical association	Wilcoxon rank-sum	Layer 3 Level 3 secondary	GSE37138_NSCLC_bevacizumab_erlotinib	supportive baseline association
GSE249415_B20_vs_IgG	GSE249415	B20-treated adaptive-resistance endpoint	IgG control	formal external validation of the frozen six-program panel	two-group limma; no program reselection	Layer 2 Tier B	GSE249415_B20_adaptive_resistance	final external validation
GSE121153_xenograft_resistant_vs_parental	GSE121153	sorafenib-resistant xenografts	parental xenografts	formal external validation of the frozen six-program panel	two-group limma; frozen panel	Layer 2 Tier A	GSE121153_HCC_xenograft	final external validation
GSE59476_bev_day28_vs_vehicle	GSE59476	day-28 bevacizumab	day-28 vehicle	small supportive additional sensitivity	two-group limma; frozen panel	additional supportive sensitivity	GSE59476_YMESO14	n=2/group; vehicle comparator
GSE84048_bulk_resistant_vs_sensitive	GSE84048	sunitinib-resistant bulk	sunitinib-sensitive bulk	formal external validation of the frozen six-program panel	two-group limma; frozen panel	Layer 2 Tier A	GSE84048_4T1_resistant_sensitive	final external validation
GSE84048_endothelium_resistant_vs_sensitive	GSE84048	sunitinib-resistant endothelium	sunitinib-sensitive endothelium	formal external validation of the frozen six-program panel	two-group limma; frozen panel	Layer 2 Tier A	GSE84048_4T1_resistant_sensitive	final external validation
GSE66346_KURC1_resistant_vs_vehicle	GSE66346	KURC1 sunitinib-resistant	KURC1 vehicle	small supportive additional sensitivity	two-group limma; frozen panel	additional supportive sensitivity	GSE66346_KURC1	n=2/group; vehicle comparator
GSE207976_LSEC_resistant_vs_sensitive	GSE207976	bevacizumab-resistant LSECs	bevacizumab-sensitive LSECs	formal external validation of the frozen six-program panel	unpaired	Layer 2 Tier A	GSE207976_CRCLM_LSEC	final external validation
GSE221557_RE_vs_CTL	GSE221557	bevacizumab-resistant xenografts	bevacizumab-sensitive xenografts	bulk xenograft resistance state	unpaired	additional	GSE221557_CRCLM	additional sensitivity
GSE132568_AxR_vs_parental	GSE132568	in-vivo-derived AxR	parental	resistance state after ex-vivo maintenance	unpaired	additional with limitation	GSE132568_4T1	additional sensitivity
GSE328515_H22_LR_vs_NR	GSE328515	H22-LR	H22-NR	formal external validation of the frozen six-program panel	unpaired	Layer 2 Tier A	GSE328515_H22_lenvatinib	final external validation
GSE78698_tumor_long_vs_short_nintedanib	GSE78698	long-term nintedanib tumor cells	short-term nintedanib tumor cells	formal external validation of the frozen six-program panel	unpaired	Layer 2 Tier A	GSE78698_Py2T_nintedanib	final external validation
GSE78698_endothelium_long_vs_short_nintedanib	GSE78698	long-term nintedanib endothelial cells	short-term nintedanib endothelial cells	formal external validation of the frozen six-program panel	unpaired	Layer 2 Tier A	GSE78698_Py2T_nintedanib	final external validation
GSE80778_B20_end_vs_vehicle	GSE80778	B20 endpoint	vehicle endpoint	supportive chronic-treatment endpoint	unpaired	supportive additional	GSE80778_mammary	supportive-only
GSE80778_nintedanib_end_vs_vehicle	GSE80778	nintedanib endpoint	vehicle endpoint	supportive chronic-treatment endpoint	unpaired	supportive additional	GSE80778_mammary	supportive-only
