pathway	pathway_display	dataset	n_contexts	context_directions	dataset_direction	median_NES	min_NES	max_NES	n_FDR_lt_0.05	minimum_FDR	evidence_tier	nested_context_group
HALLMARK_MTORC1_SIGNALING	MTORC1 signaling	GSE64052	3	positive;positive;positive	positive	1.41850249507329	1.13922839366705	1.66322254815927	2	0.000736486804803451	Tier B	GSE64052_RCC_xenograft_family
HALLMARK_MTORC1_SIGNALING	MTORC1 signaling	GSE86525	1	negative	negative	-1.53052244439668	-1.53052244439668	-1.53052244439668	1	0.00340891243975694	Tier B	GSE86525_HT29_bevacizumab
HALLMARK_MTORC1_SIGNALING	MTORC1 signaling	GSE249415	1	negative	negative	-1.98726923718452	-1.98726923718452	-1.98726923718452	1	1.68175593690614e-07	Tier B	GSE249415_B20_adaptive_resistance
HALLMARK_MTORC1_SIGNALING	MTORC1 signaling	GSE121153	1	positive	positive	2.18774069806264	2.18774069806264	2.18774069806264	1	1.25906771720973e-08	Tier A	GSE121153_HCC_xenograft
HALLMARK_MTORC1_SIGNALING	MTORC1 signaling	GSE84048	2	positive;positive	positive	1.52924490978335	1.44608147723607	1.61240834233063	2	0.00252793238696761	Tier A	GSE84048_4T1_resistant_sensitive
HALLMARK_MTORC1_SIGNALING	MTORC1 signaling	GSE207976	1	positive	positive	1.32805696619566	1.32805696619566	1.32805696619566	0	0.0898498415750361	Tier A	GSE207976_CRCLM_LSEC
HALLMARK_MTORC1_SIGNALING	MTORC1 signaling	GSE328515	1	positive	positive	1.73459430372888	1.73459430372888	1.73459430372888	1	0.000254348150665757	Tier A	GSE328515_H22_lenvatinib
HALLMARK_MTORC1_SIGNALING	MTORC1 signaling	GSE78698	2	positive;positive	positive	1.81347080242079	1.35655464773262	2.27038695710895	2	9.6058182872133e-11	Tier A	GSE78698_Py2T_nintedanib
HALLMARK_UNFOLDED_PROTEIN_RESPONSE	Unfolded protein response	GSE64052	3	positive;positive;positive	positive	1.72927160888981	1.38045530662779	1.77774661680009	2	0.00146566343673282	Tier B	GSE64052_RCC_xenograft_family
HALLMARK_UNFOLDED_PROTEIN_RESPONSE	Unfolded protein response	GSE86525	1	negative	negative	-1.55255487986061	-1.55255487986061	-1.55255487986061	1	0.00774897559646889	Tier B	GSE86525_HT29_bevacizumab
HALLMARK_UNFOLDED_PROTEIN_RESPONSE	Unfolded protein response	GSE249415	1	negative	negative	-1.48146509704247	-1.48146509704247	-1.48146509704247	1	0.0353780897975777	Tier B	GSE249415_B20_adaptive_resistance
HALLMARK_UNFOLDED_PROTEIN_RESPONSE	Unfolded protein response	GSE121153	1	positive	positive	1.8788422770898	1.8788422770898	1.8788422770898	1	0.000311133339610178	Tier A	GSE121153_HCC_xenograft
HALLMARK_UNFOLDED_PROTEIN_RESPONSE	Unfolded protein response	GSE84048	2	positive;positive	positive	1.637931012367	1.49475776865475	1.78110425607924	2	0.0015038171473873	Tier A	GSE84048_4T1_resistant_sensitive
HALLMARK_UNFOLDED_PROTEIN_RESPONSE	Unfolded protein response	GSE207976	1	positive	positive	1.2284873724724	1.2284873724724	1.2284873724724	0	0.202495126705653	Tier A	GSE207976_CRCLM_LSEC
HALLMARK_UNFOLDED_PROTEIN_RESPONSE	Unfolded protein response	GSE328515	1	positive	positive	1.45684327608409	1.45684327608409	1.45684327608409	1	0.0275345642555766	Tier A	GSE328515_H22_lenvatinib
HALLMARK_UNFOLDED_PROTEIN_RESPONSE	Unfolded protein response	GSE78698	2	negative;positive	mixed	0.42221768373012	-1.12864586176667	1.97308122922691	1	3.10283883571456e-05	Tier A	GSE78698_Py2T_nintedanib
HALLMARK_INTERFERON_GAMMA_RESPONSE	Interferon-gamma response	GSE64052	3	positive;positive;negative	mixed	1.66529984964396	-1.31588280218389	2.04068099883493	2	2.24824419589237e-07	Tier B	GSE64052_RCC_xenograft_family
HALLMARK_INTERFERON_GAMMA_RESPONSE	Interferon-gamma response	GSE86525	1	positive	positive	2.71589767227211	2.71589767227211	2.71589767227211	1	1.08357294162566e-17	Tier B	GSE86525_HT29_bevacizumab
HALLMARK_INTERFERON_GAMMA_RESPONSE	Interferon-gamma response	GSE249415	1	positive	positive	1.35448634204829	1.35448634204829	1.35448634204829	1	0.0457135443257492	Tier B	GSE249415_B20_adaptive_resistance
HALLMARK_INTERFERON_GAMMA_RESPONSE	Interferon-gamma response	GSE121153	1	negative	negative	-1.2247735784213	-1.2247735784213	-1.2247735784213	0	0.107892323461186	Tier A	GSE121153_HCC_xenograft
HALLMARK_INTERFERON_GAMMA_RESPONSE	Interferon-gamma response	GSE84048	2	positive;positive	positive	1.73362450509914	1.69147739070952	1.77577161948875	2	0.000193955953471037	Tier A	GSE84048_4T1_resistant_sensitive
HALLMARK_INTERFERON_GAMMA_RESPONSE	Interferon-gamma response	GSE207976	1	negative	negative	-3.13595196341588	-3.13595196341588	-3.13595196341588	1	1.02381916961143e-25	Tier A	GSE207976_CRCLM_LSEC
HALLMARK_INTERFERON_GAMMA_RESPONSE	Interferon-gamma response	GSE328515	1	negative	negative	-2.97789737228562	-2.97789737228562	-2.97789737228562	1	1.04387328691333e-23	Tier A	GSE328515_H22_lenvatinib
HALLMARK_INTERFERON_GAMMA_RESPONSE	Interferon-gamma response	GSE78698	2	positive;positive	positive	1.16495459550313	1.15346766740985	1.1764415235964	0	0.205089959914235	Tier A	GSE78698_Py2T_nintedanib
HALLMARK_INTERFERON_ALPHA_RESPONSE	Interferon-alpha response	GSE64052	3	positive;positive;negative	mixed	1.75844580336042	-1.43138079604723	2.53999544457152	2	1.8185022761877e-10	Tier B	GSE64052_RCC_xenograft_family
HALLMARK_INTERFERON_ALPHA_RESPONSE	Interferon-alpha response	GSE86525	1	positive	positive	2.95120275792975	2.95120275792975	2.95120275792975	1	3.30360069400329e-16	Tier B	GSE86525_HT29_bevacizumab
HALLMARK_INTERFERON_ALPHA_RESPONSE	Interferon-alpha response	GSE249415	1	positive	positive	1.72413658397776	1.72413658397776	1.72413658397776	1	0.00545098149782268	Tier B	GSE249415_B20_adaptive_resistance
HALLMARK_INTERFERON_ALPHA_RESPONSE	Interferon-alpha response	GSE121153	1	negative	negative	-1.633136441214	-1.633136441214	-1.633136441214	1	0.00381566048946703	Tier A	GSE121153_HCC_xenograft
HALLMARK_INTERFERON_ALPHA_RESPONSE	Interferon-alpha response	GSE84048	2	positive;positive	positive	1.92038338362849	1.87197499638511	1.96879177087186	2	0.000193955953471037	Tier A	GSE84048_4T1_resistant_sensitive
HALLMARK_INTERFERON_ALPHA_RESPONSE	Interferon-alpha response	GSE207976	1	negative	negative	-3.21012823378289	-3.21012823378289	-3.21012823378289	1	5.54908173797184e-20	Tier A	GSE207976_CRCLM_LSEC
HALLMARK_INTERFERON_ALPHA_RESPONSE	Interferon-alpha response	GSE328515	1	negative	negative	-2.64622515462437	-2.64622515462437	-2.64622515462437	1	4.27910493386458e-12	Tier A	GSE328515_H22_lenvatinib
HALLMARK_INTERFERON_ALPHA_RESPONSE	Interferon-alpha response	GSE78698	2	negative;negative	negative	-1.11810516652255	-1.1795873825484	-1.0566229504967	0	0.225490196078431	Tier A	GSE78698_Py2T_nintedanib
HALLMARK_EPITHELIAL_MESENCHYMAL_TRANSITION	Epithelial-mesenchymal transition	GSE64052	3	positive;positive;positive	positive	2.13921574215068	1.92325299491306	2.32303117044561	3	2.00332627989915e-11	Tier B	GSE64052_RCC_xenograft_family
HALLMARK_EPITHELIAL_MESENCHYMAL_TRANSITION	Epithelial-mesenchymal transition	GSE86525	1	positive	positive	1.76196241626112	1.76196241626112	1.76196241626112	1	4.37334243488595e-05	Tier B	GSE86525_HT29_bevacizumab
HALLMARK_EPITHELIAL_MESENCHYMAL_TRANSITION	Epithelial-mesenchymal transition	GSE249415	1	negative	negative	-1.12048981182064	-1.12048981182064	-1.12048981182064	0	0.235742134373017	Tier B	GSE249415_B20_adaptive_resistance
HALLMARK_EPITHELIAL_MESENCHYMAL_TRANSITION	Epithelial-mesenchymal transition	GSE121153	1	positive	positive	1.8839133656296	1.8839133656296	1.8839133656296	1	1.00349134275456e-05	Tier A	GSE121153_HCC_xenograft
HALLMARK_EPITHELIAL_MESENCHYMAL_TRANSITION	Epithelial-mesenchymal transition	GSE84048	2	negative;negative	negative	-1.31690974246282	-1.71656107983306	-0.91725840509259	1	0.000591091126921067	Tier A	GSE84048_4T1_resistant_sensitive
HALLMARK_EPITHELIAL_MESENCHYMAL_TRANSITION	Epithelial-mesenchymal transition	GSE207976	1	negative	negative	-1.03387650238943	-1.03387650238943	-1.03387650238943	0	0.496355450744989	Tier A	GSE207976_CRCLM_LSEC
HALLMARK_EPITHELIAL_MESENCHYMAL_TRANSITION	Epithelial-mesenchymal transition	GSE328515	1	positive	positive	1.87041702760552	1.87041702760552	1.87041702760552	1	3.83995221483263e-05	Tier A	GSE328515_H22_lenvatinib
HALLMARK_EPITHELIAL_MESENCHYMAL_TRANSITION	Epithelial-mesenchymal transition	GSE78698	2	negative;negative	negative	-1.92083524003151	-1.92202519059891	-1.9196452894641	2	1.08568575164869e-06	Tier A	GSE78698_Py2T_nintedanib
HALLMARK_INFLAMMATORY_RESPONSE	Inflammatory response	GSE64052	3	positive;positive;negative	mixed	1.77958348568491	-0.968179494386366	1.96312924953366	2	1.1848502868351e-06	Tier B	GSE64052_RCC_xenograft_family
HALLMARK_INFLAMMATORY_RESPONSE	Inflammatory response	GSE86525	1	positive	positive	1.90576259351653	1.90576259351653	1.90576259351653	1	3.46400584107223e-06	Tier B	GSE86525_HT29_bevacizumab
HALLMARK_INFLAMMATORY_RESPONSE	Inflammatory response	GSE249415	1	positive	positive	1.47889201337037	1.47889201337037	1.47889201337037	1	0.0101132345925417	Tier B	GSE249415_B20_adaptive_resistance
HALLMARK_INFLAMMATORY_RESPONSE	Inflammatory response	GSE121153	1	positive	positive	1.95803682229726	1.95803682229726	1.95803682229726	1	1.8696265331703e-06	Tier A	GSE121153_HCC_xenograft
HALLMARK_INFLAMMATORY_RESPONSE	Inflammatory response	GSE84048	2	positive;positive	positive	0.996804202495528	0.785847145178177	1.20776125981288	0	0.209769354588297	Tier A	GSE84048_4T1_resistant_sensitive
HALLMARK_INFLAMMATORY_RESPONSE	Inflammatory response	GSE207976	1	negative	negative	-2.02542912064383	-2.02542912064383	-2.02542912064383	1	3.66071842389482e-06	Tier A	GSE207976_CRCLM_LSEC
HALLMARK_INFLAMMATORY_RESPONSE	Inflammatory response	GSE328515	1	negative	negative	-2.07438362899234	-2.07438362899234	-2.07438362899234	1	3.60321859196974e-07	Tier A	GSE328515_H22_lenvatinib
HALLMARK_INFLAMMATORY_RESPONSE	Inflammatory response	GSE78698	2	negative;positive	mixed	-0.119170621391398	-1.21318092687412	0.974839684091325	0	0.151572565365669	Tier A	GSE78698_Py2T_nintedanib
